pulses,M_cv0.02,M_cv0.2,M_cv0.5,M_cv1.0,single_exp
0.02,9.987359e-01,9.986860e-01,9.984211e-01,9.974776e-01,9.987364e-01
0.0207046,9.986914e-01,9.986397e-01,9.983655e-01,9.973890e-01,9.986919e-01
0.0214341,9.986453e-01,9.985918e-01,9.983080e-01,9.972973e-01,9.986459e-01
0.0221893,9.985977e-01,9.985422e-01,9.982485e-01,9.972023e-01,9.985982e-01
0.022971,9.985483e-01,9.984909e-01,9.981868e-01,9.971040e-01,9.985489e-01
0.0237803,9.984972e-01,9.984378e-01,9.981230e-01,9.970023e-01,9.984978e-01
0.0246182,9.984443e-01,9.983828e-01,9.980570e-01,9.968970e-01,9.984449e-01
0.0254855,9.983895e-01,9.983259e-01,9.979886e-01,9.967880e-01,9.983901e-01
0.0263834,9.983328e-01,9.982669e-01,9.979178e-01,9.966752e-01,9.983335e-01
0.0273129,9.982741e-01,9.982059e-01,9.978446e-01,9.965585e-01,9.982748e-01
0.0282752,9.982134e-01,9.981428e-01,9.977687e-01,9.964377e-01,9.982141e-01
0.0292714,9.981505e-01,9.980774e-01,9.976902e-01,9.963126e-01,9.981512e-01
0.0303027,9.980854e-01,9.980097e-01,9.976090e-01,9.961832e-01,9.980861e-01
0.0313703,9.980180e-01,9.979397e-01,9.975249e-01,9.960493e-01,9.980188e-01
0.0324755,9.979482e-01,9.978672e-01,9.974378e-01,9.959107e-01,9.979491e-01
0.0336197,9.978760e-01,9.977921e-01,9.973477e-01,9.957672e-01,9.978769e-01
0.0348042,9.978013e-01,9.977144e-01,9.972544e-01,9.956187e-01,9.978022e-01
0.0360304,9.977239e-01,9.976340e-01,9.971578e-01,9.954651e-01,9.977248e-01
0.0372998,9.976438e-01,9.975508e-01,9.970579e-01,9.953060e-01,9.976447e-01
0.038614,9.975609e-01,9.974646e-01,9.969544e-01,9.951415e-01,9.975619e-01
0.0399744,9.974751e-01,9.973754e-01,9.968473e-01,9.949711e-01,9.974761e-01
0.0413828,9.973862e-01,9.972830e-01,9.967365e-01,9.947949e-01,9.973873e-01
0.0428407,9.972943e-01,9.971875e-01,9.966217e-01,9.946125e-01,9.972953e-01
0.0443501,9.971991e-01,9.970885e-01,9.965030e-01,9.944237e-01,9.972002e-01
0.0459126,9.971005e-01,9.969861e-01,9.963801e-01,9.942284e-01,9.971017e-01
0.0475302,9.969985e-01,9.968801e-01,9.962528e-01,9.940263e-01,9.969997e-01
0.0492048,9.968929e-01,9.967704e-01,9.961211e-01,9.938171e-01,9.968942e-01
0.0509384,9.967837e-01,9.966568e-01,9.959848e-01,9.936006e-01,9.967849e-01
0.052733,9.966705e-01,9.965392e-01,9.958437e-01,9.933767e-01,9.966719e-01
0.0545909,9.965534e-01,9.964175e-01,9.956977e-01,9.931449e-01,9.965548e-01
0.0565142,9.964322e-01,9.962915e-01,9.955465e-01,9.929051e-01,9.964336e-01
0.0585053,9.963067e-01,9.961611e-01,9.953901e-01,9.926570e-01,9.963082e-01
0.0605666,9.961769e-01,9.960262e-01,9.952281e-01,9.924002e-01,9.961784e-01
0.0627004,9.960424e-01,9.958864e-01,9.950605e-01,9.921346e-01,9.960440e-01
0.0649095,9.959033e-01,9.957418e-01,9.948871e-01,9.918597e-01,9.959049e-01
0.0671964,9.957593e-01,9.955922e-01,9.947075e-01,9.915753e-01,9.957610e-01
0.0695638,9.956102e-01,9.954372e-01,9.945217e-01,9.912810e-01,9.956119e-01
0.0720147,9.954559e-01,9.952769e-01,9.943294e-01,9.909766e-01,9.954577e-01
0.0745519,9.952962e-01,9.951109e-01,9.941303e-01,9.906617e-01,9.952980e-01
0.0771785,9.951308e-01,9.949391e-01,9.939243e-01,9.903358e-01,9.951328e-01
0.0798976,9.949597e-01,9.947613e-01,9.937111e-01,9.899987e-01,9.949617e-01
0.0827125,9.947826e-01,9.945772e-01,9.934904e-01,9.896500e-01,9.947847e-01
0.0856266,9.945993e-01,9.943867e-01,9.932620e-01,9.892892e-01,9.946014e-01
0.0886434,9.944096e-01,9.941896e-01,9.930257e-01,9.889160e-01,9.944118e-01
0.0917665,9.942132e-01,9.939855e-01,9.927811e-01,9.885299e-01,9.942155e-01
0.0949996,9.940099e-01,9.937743e-01,9.925279e-01,9.881306e-01,9.940123e-01
0.0983466,9.937995e-01,9.935557e-01,9.922660e-01,9.877175e-01,9.938020e-01
0.101812,9.935818e-01,9.933294e-01,9.919948e-01,9.872902e-01,9.935843e-01
0.105399,9.933564e-01,9.930953e-01,9.917143e-01,9.868483e-01,9.933590e-01
0.109112,9.931231e-01,9.928529e-01,9.914239e-01,9.863912e-01,9.931259e-01
0.112956,9.928817e-01,9.926021e-01,9.911234e-01,9.859184e-01,9.928845e-01
0.116936,9.926318e-01,9.923425e-01,9.908125e-01,9.854294e-01,9.926348e-01
0.121056,9.923732e-01,9.920738e-01,9.904907e-01,9.849237e-01,9.923763e-01
0.125321,9.921056e-01,9.917957e-01,9.901578e-01,9.844008e-01,9.921087e-01
0.129736,9.918286e-01,9.915080e-01,9.898132e-01,9.838600e-01,9.918318e-01
0.134307,9.915419e-01,9.912101e-01,9.894567e-01,9.833007e-01,9.915453e-01
0.139039,9.912453e-01,9.909019e-01,9.890878e-01,9.827225e-01,9.912487e-01
0.143937,9.909382e-01,9.905830e-01,9.887060e-01,9.821245e-01,9.909418e-01
0.149008,9.906205e-01,9.902529e-01,9.883110e-01,9.815062e-01,9.906242e-01
0.154258,9.902916e-01,9.899113e-01,9.879023e-01,9.808670e-01,9.902954e-01
0.159693,9.899513e-01,9.895578e-01,9.874795e-01,9.802061e-01,9.899553e-01
0.165319,9.895991e-01,9.891919e-01,9.870419e-01,9.795228e-01,9.896032e-01
0.171144,9.892346e-01,9.888134e-01,9.865892e-01,9.788164e-01,9.892389e-01
0.177173,9.888575e-01,9.884216e-01,9.861209e-01,9.780862e-01,9.888619e-01
0.183415,9.884672e-01,9.880162e-01,9.856363e-01,9.773314e-01,9.884717e-01
0.189878,9.880633e-01,9.875968e-01,9.851349e-01,9.765512e-01,9.880680e-01
0.196567,9.876453e-01,9.871627e-01,9.846163e-01,9.757448e-01,9.876502e-01
0.203493,9.872129e-01,9.867136e-01,9.840797e-01,9.749114e-01,9.872179e-01
0.210662,9.867653e-01,9.862488e-01,9.835246e-01,9.740501e-01,9.867706e-01
0.218084,9.863023e-01,9.857680e-01,9.829503e-01,9.731599e-01,9.863077e-01
0.225768,9.858231e-01,9.852704e-01,9.823563e-01,9.722401e-01,9.858287e-01
0.233722,9.853273e-01,9.847556e-01,9.817418e-01,9.712897e-01,9.853331e-01
0.241956,9.848143e-01,9.842229e-01,9.811061e-01,9.703077e-01,9.848203e-01
0.250481,9.842835e-01,9.836718e-01,9.804486e-01,9.692931e-01,9.842897e-01
0.259306,9.837343e-01,9.831016e-01,9.797685e-01,9.682450e-01,9.837407e-01
0.268441,9.831661e-01,9.825117e-01,9.790651e-01,9.671622e-01,9.831728e-01
0.277899,9.825782e-01,9.819014e-01,9.783376e-01,9.660438e-01,9.825851e-01
0.28769,9.819700e-01,9.812700e-01,9.775851e-01,9.648886e-01,9.819771e-01
0.297826,9.813408e-01,9.806168e-01,9.768069e-01,9.636955e-01,9.813481e-01
0.308319,9.806897e-01,9.799411e-01,9.760021e-01,9.624634e-01,9.806973e-01
0.319181,9.800163e-01,9.792420e-01,9.751698e-01,9.611910e-01,9.800241e-01
0.330427,9.793195e-01,9.785189e-01,9.743091e-01,9.598773e-01,9.793276e-01
0.342068,9.785988e-01,9.777709e-01,9.734191e-01,9.585210e-01,9.786071e-01
0.35412,9.778532e-01,9.769972e-01,9.724988e-01,9.571207e-01,9.778618e-01
0.366596,9.770819e-01,9.761968e-01,9.715472e-01,9.556752e-01,9.770909e-01
0.379512,9.762841e-01,9.753690e-01,9.705633e-01,9.541833e-01,9.762934e-01
0.392883,9.754589e-01,9.745128e-01,9.695461e-01,9.526435e-01,9.754685e-01
0.406725,9.746054e-01,9.736273e-01,9.684944e-01,9.510544e-01,9.746153e-01
0.421054,9.737225e-01,9.727114e-01,9.674072e-01,9.494147e-01,9.737328e-01
0.435889,9.728094e-01,9.717643e-01,9.662832e-01,9.477229e-01,9.728200e-01
0.451246,9.718651e-01,9.707847e-01,9.651214e-01,9.459776e-01,9.718760e-01
0.467144,9.708884e-01,9.697717e-01,9.639205e-01,9.441773e-01,9.708997e-01
0.483603,9.698784e-01,9.687242e-01,9.626792e-01,9.423204e-01,9.698900e-01
0.500641,9.688338e-01,9.676411e-01,9.613963e-01,9.404054e-01,9.688459e-01
0.518279,9.677537e-01,9.665211e-01,9.600705e-01,9.384306e-01,9.677662e-01
0.536539,9.666368e-01,9.653630e-01,9.587003e-01,9.363946e-01,9.666497e-01
0.555442,9.654819e-01,9.641657e-01,9.572844e-01,9.342957e-01,9.654952e-01
0.575012,9.642877e-01,9.629278e-01,9.558214e-01,9.321322e-01,9.643015e-01
0.59527,9.630530e-01,9.616481e-01,9.543098e-01,9.299024e-01,9.630673e-01
0.616243,9.617765e-01,9.603251e-01,9.527481e-01,9.276047e-01,9.617912e-01
0.637954,9.604568e-01,9.589575e-01,9.511347e-01,9.252372e-01,9.604720e-01
0.66043,9.590926e-01,9.575439e-01,9.494680e-01,9.227983e-01,9.591082e-01
0.683698,9.576823e-01,9.560827e-01,9.477465e-01,9.202861e-01,9.576985e-01
0.707786,9.562245e-01,9.545725e-01,9.459684e-01,9.176989e-01,9.562412e-01
0.732723,9.547176e-01,9.530117e-01,9.441320e-01,9.150348e-01,9.547349e-01
0.758538,9.531602e-01,9.513987e-01,9.422356e-01,9.122921e-01,9.531781e-01
0.785263,9.515506e-01,9.497319e-01,9.402774e-01,9.094688e-01,9.515690e-01
0.812929,9.498872e-01,9.480095e-01,9.382555e-01,9.065632e-01,9.499062e-01
0.84157,9.481682e-01,9.462299e-01,9.361681e-01,9.035733e-01,9.481878e-01
0.87122,9.463919e-01,9.443913e-01,9.340132e-01,9.004973e-01,9.464122e-01
0.901914,9.445565e-01,9.424917e-01,9.317889e-01,8.973333e-01,9.445775e-01
0.93369,9.426603e-01,9.405295e-01,9.294932e-01,8.940793e-01,9.426819e-01
0.966586,9.407012e-01,9.385026e-01,9.271241e-01,8.907336e-01,9.407235e-01
1.00064,9.386774e-01,9.364090e-01,9.246793e-01,8.872941e-01,9.387004e-01
1.03589,9.365869e-01,9.342468e-01,9.221569e-01,8.837591e-01,9.366107e-01
1.07239,9.344277e-01,9.320139e-01,9.195546e-01,8.801266e-01,9.344522e-01
1.11017,9.321976e-01,9.297082e-01,9.168703e-01,8.763948e-01,9.322228e-01
1.14929,9.298946e-01,9.273275e-01,9.141016e-01,8.725618e-01,9.299206e-01
1.18978,9.275164e-01,9.248696e-01,9.112463e-01,8.686258e-01,9.275432e-01
1.2317,9.250608e-01,9.223322e-01,9.083021e-01,8.645849e-01,9.250885e-01
1.27509,9.225256e-01,9.197131e-01,9.052666e-01,8.604374e-01,9.225541e-01
1.32002,9.199084e-01,9.170098e-01,9.021375e-01,8.561815e-01,9.199378e-01
1.36652,9.172068e-01,9.142200e-01,8.989122e-01,8.518155e-01,9.172371e-01
1.41467,9.144183e-01,9.113412e-01,8.955884e-01,8.473376e-01,9.144496e-01
1.46451,9.115406e-01,9.083709e-01,8.921635e-01,8.427463e-01,9.115728e-01
1.5161,9.085710e-01,9.053066e-01,8.886351e-01,8.380400e-01,9.086042e-01
1.56952,9.055070e-01,9.021456e-01,8.850006e-01,8.332170e-01,9.055412e-01
1.62482,9.023460e-01,8.988853e-01,8.812575e-01,8.282760e-01,9.023811e-01
1.68206,8.990852e-01,8.955231e-01,8.774031e-01,8.232154e-01,8.991214e-01
1.74132,8.957219e-01,8.920562e-01,8.734350e-01,8.180340e-01,8.957591e-01
1.80267,8.922534e-01,8.884819e-01,8.693505e-01,8.127304e-01,8.922917e-01
1.86619,8.886768e-01,8.847973e-01,8.651470e-01,8.073035e-01,8.887163e-01
1.93193,8.849894e-01,8.809996e-01,8.608219e-01,8.017521e-01,8.850300e-01
2,8.811881e-01,8.770860e-01,8.563726e-01,7.960752e-01,8.812299e-01
2.07046,8.772701e-01,8.730535e-01,8.517965e-01,7.902720e-01,8.773131e-01
2.14341,8.732325e-01,8.688993e-01,8.470911e-01,7.843415e-01,8.732766e-01
2.21893,8.690722e-01,8.646203e-01,8.422538e-01,7.782831e-01,8.691175e-01
2.2971,8.647862e-01,8.602137e-01,8.372819e-01,7.720963e-01,8.648328e-01
2.37803,8.603715e-01,8.556764e-01,8.321731e-01,7.657805e-01,8.604193e-01
2.46182,8.558249e-01,8.510054e-01,8.269249e-01,7.593354e-01,8.558741e-01
2.54855,8.511436e-01,8.461978e-01,8.215348e-01,7.527608e-01,8.511940e-01
2.63834,8.463242e-01,8.412506e-01,8.160005e-01,7.460567e-01,8.463760e-01
2.73129,8.413639e-01,8.361608e-01,8.103197e-01,7.392231e-01,8.414169e-01
2.82752,8.362594e-01,8.309253e-01,8.044900e-01,7.322604e-01,8.363138e-01
2.92714,8.310077e-01,8.255413e-01,7.985095e-01,7.251688e-01,8.310635e-01
3.03027,8.256057e-01,8.200057e-01,7.923759e-01,7.179491e-01,8.256629e-01
3.13703,8.200504e-01,8.143158e-01,7.860874e-01,7.106020e-01,8.201090e-01
3.24755,8.143388e-01,8.084687e-01,7.796420e-01,7.031283e-01,8.143988e-01
3.36197,8.084679e-01,8.024615e-01,7.730380e-01,6.955292e-01,8.085293e-01
3.48042,8.024347e-01,7.962916e-01,7.662739e-01,6.878061e-01,8.024976e-01
3.60304,7.962364e-01,7.899562e-01,7.593480e-01,6.799603e-01,7.963007e-01
3.72998,7.898702e-01,7.834527e-01,7.522592e-01,6.719936e-01,7.899359e-01
3.8614,7.833334e-01,7.767788e-01,7.450061e-01,6.639079e-01,7.834005e-01
3.99744,7.766232e-01,7.699319e-01,7.375880e-01,6.557053e-01,7.766918e-01
4.13828,7.697372e-01,7.629099e-01,7.300039e-01,6.473880e-01,7.698072e-01
4.28407,7.626729e-01,7.557106e-01,7.222534e-01,6.389586e-01,7.627444e-01
4.43501,7.554281e-01,7.483320e-01,7.143359e-01,6.304199e-01,7.555010e-01
4.59126,7.480006e-01,7.407723e-01,7.062515e-01,6.217746e-01,7.480748e-01
4.75302,7.403883e-01,7.330299e-01,6.980002e-01,6.130261e-01,7.404639e-01
4.92048,7.325894e-01,7.251032e-01,6.895823e-01,6.041776e-01,7.326664e-01
5.09384,7.246024e-01,7.169911e-01,6.809986e-01,5.952328e-01,7.246807e-01
5.2733,7.164257e-01,7.086925e-01,6.722499e-01,5.861954e-01,7.165053e-01
5.45909,7.080581e-01,7.002067e-01,6.633375e-01,5.770694e-01,7.081390e-01
5.65142,6.994988e-01,6.915330e-01,6.542629e-01,5.678592e-01,6.995809e-01
5.85053,6.907469e-01,6.826714e-01,6.450280e-01,5.585690e-01,6.908302e-01
6.05666,6.818020e-01,6.736217e-01,6.356349e-01,5.492035e-01,6.818865e-01
6.27004,6.726641e-01,6.643846e-01,6.260863e-01,5.397676e-01,6.727496e-01
6.49095,6.633332e-01,6.549605e-01,6.163851e-01,5.302663e-01,6.634198e-01
6.71964,6.538100e-01,6.453507e-01,6.065345e-01,5.207048e-01,6.538975e-01
6.95638,6.440954e-01,6.355566e-01,5.965382e-01,5.110885e-01,6.441838e-01
7.20147,6.341906e-01,6.255800e-01,5.864004e-01,5.014230e-01,6.342798e-01
7.45519,6.240973e-01,6.154232e-01,5.761254e-01,4.917139e-01,6.241872e-01
7.71785,6.138176e-01,6.050890e-01,5.657182e-01,4.819673e-01,6.139082e-01
7.98976,6.033542e-01,5.945805e-01,5.551840e-01,4.721891e-01,6.034454e-01
8.27125,5.927101e-01,5.839014e-01,5.445286e-01,4.623855e-01,5.928017e-01
8.56266,5.818889e-01,5.730558e-01,5.337581e-01,4.525629e-01,5.819808e-01
8.86434,5.708945e-01,5.620484e-01,5.228791e-01,4.427277e-01,5.709866e-01
9.17665,5.597317e-01,5.508844e-01,5.118985e-01,4.328863e-01,5.598239e-01
9.49996,5.484056e-01,5.395695e-01,5.008239e-01,4.230455e-01,5.484977e-01
9.83466,5.369219e-01,5.281101e-01,4.896630e-01,4.132119e-01,5.370139e-01
10.1812,5.252870e-01,5.165131e-01,4.784240e-01,4.033923e-01,5.253787e-01
10.5399,5.135077e-01,5.047859e-01,4.671156e-01,3.935935e-01,5.135990e-01
10.9112,5.015918e-01,4.929366e-01,4.557469e-01,3.838224e-01,5.016825e-01
11.2956,4.895474e-01,4.809738e-01,4.443273e-01,3.740857e-01,4.896373e-01
11.6936,4.773834e-01,4.689070e-01,4.328665e-01,3.643904e-01,4.774724e-01
12.1056,4.651093e-01,4.567458e-01,4.213748e-01,3.547433e-01,4.651971e-01
12.5321,4.527351e-01,4.445009e-01,4.098624e-01,3.451512e-01,4.528218e-01
12.9736,4.402719e-01,4.321833e-01,3.983403e-01,3.356210e-01,4.403571e-01
13.4307,4.277310e-01,4.198046e-01,3.868195e-01,3.261593e-01,4.278146e-01
13.9039,4.151247e-01,4.073772e-01,3.753112e-01,3.167727e-01,4.152065e-01
14.3937,4.024656e-01,3.949139e-01,3.638269e-01,3.074678e-01,4.025454e-01
14.9008,3.897672e-01,3.824280e-01,3.523783e-01,2.982510e-01,3.898448e-01
15.4258,3.770435e-01,3.699334e-01,3.409774e-01,2.891287e-01,3.771188e-01
15.9693,3.643090e-01,3.574444e-01,3.296360e-01,2.801069e-01,3.643819e-01
16.5319,3.515790e-01,3.449758e-01,3.183661e-01,2.711916e-01,3.516492e-01
17.1144,3.388691e-01,3.325428e-01,3.071798e-01,2.623887e-01,3.389364e-01
17.7173,3.261955e-01,3.201610e-01,2.960892e-01,2.537038e-01,3.262597e-01
18.3415,3.135746e-01,3.078463e-01,2.851063e-01,2.451424e-01,3.136357e-01
18.9878,3.010234e-01,2.956147e-01,2.742428e-01,2.367095e-01,3.010812e-01
19.6567,2.885593e-01,2.834826e-01,2.635107e-01,2.284103e-01,2.886136e-01
20.3493,2.761996e-01,2.714664e-01,2.529213e-01,2.202495e-01,2.762503e-01
21.0662,2.639621e-01,2.595827e-01,2.424859e-01,2.122314e-01,2.640091e-01
21.8084,2.518646e-01,2.478478e-01,2.322157e-01,2.043605e-01,2.519077e-01
22.5768,2.399248e-01,2.362782e-01,2.221212e-01,1.966405e-01,2.399640e-01
23.3722,2.281606e-01,2.248900e-01,2.122126e-01,1.890753e-01,2.281958e-01
24.1956,2.165894e-01,2.136991e-01,2.024999e-01,1.816680e-01,2.166205e-01
25.0481,2.052286e-01,2.027213e-01,1.929923e-01,1.744220e-01,2.052557e-01
25.9306,1.940952e-01,1.919714e-01,1.836986e-01,1.673399e-01,1.941181e-01
26.8441,1.832056e-01,1.814643e-01,1.746273e-01,1.604242e-01,1.832244e-01
27.7899,1.725758e-01,1.712137e-01,1.657858e-01,1.536771e-01,1.725905e-01
28.769,1.622210e-01,1.612329e-01,1.571812e-01,1.471004e-01,1.622317e-01
29.7826,1.521557e-01,1.515345e-01,1.488200e-01,1.406958e-01,1.521624e-01
30.8319,1.423935e-01,1.421299e-01,1.407077e-01,1.344644e-01,1.423963e-01
31.9181,1.329468e-01,1.330296e-01,1.328493e-01,1.284072e-01,1.329459e-01
33.0427,1.238273e-01,1.242432e-01,1.252490e-01,1.225249e-01,1.238227e-01
34.2068,1.150452e-01,1.157792e-01,1.179102e-01,1.168177e-01,1.150372e-01
35.412,1.066096e-01,1.076446e-01,1.108357e-01,1.112856e-01,1.065982e-01
36.6596,9.852798e-02,9.984545e-02,1.040274e-01,1.059285e-01,9.851349e-02
37.9512,9.080670e-02,9.238641e-02,9.748640e-02,1.007456e-01,9.078932e-02
39.2883,8.345046e-02,8.527082e-02,9.121306e-02,9.573635e-02,8.343043e-02
40.6725,7.646246e-02,7.850065e-02,8.520700e-02,9.089944e-02,7.644002e-02
42.1054,6.984432e-02,7.207651e-02,7.946710e-02,8.623357e-02,6.981974e-02
43.5889,6.359606e-02,6.599764e-02,7.399147e-02,8.173709e-02,6.356961e-02
45.1246,5.771609e-02,6.026189e-02,6.877755e-02,7.740816e-02,5.768805e-02
46.7144,5.220126e-02,5.486581e-02,6.382206e-02,7.324466e-02,5.217191e-02
48.3603,4.704681e-02,4.980461e-02,5.912110e-02,6.924428e-02,4.701644e-02
50.0641,4.224649e-02,4.507225e-02,5.467014e-02,6.540449e-02,4.221539e-02
51.8279,3.779257e-02,4.066150e-02,5.046407e-02,6.172259e-02,3.776101e-02
53.6539,3.367595e-02,3.656400e-02,4.649723e-02,5.819566e-02,3.364421e-02
55.5442,2.988623e-02,3.277035e-02,4.276348e-02,5.482064e-02,2.985457e-02
57.5012,2.641182e-02,2.927018e-02,3.925623e-02,5.159431e-02,2.638048e-02
59.527,2.324006e-02,2.605229e-02,3.596849e-02,4.851330e-02,2.320928e-02
61.6243,2.035737e-02,2.310474e-02,3.289291e-02,4.557413e-02,2.032736e-02
63.7954,1.774936e-02,2.041495e-02,3.002183e-02,4.277320e-02,1.772033e-02
66.043,1.540103e-02,1.796986e-02,2.734737e-02,4.010680e-02,1.537313e-02
68.3698,1.329686e-02,1.575599e-02,2.486141e-02,3.757116e-02,1.327024e-02
70.7786,1.142101e-02,1.375963e-02,2.255571e-02,3.516242e-02,1.139579e-02
73.2723,9.757468e-03,1.196691e-02,2.042190e-02,3.287666e-02,9.733747e-03
75.8538,8.290213e-03,1.036394e-02,1.845157e-02,3.070992e-02,8.268060e-03
78.5263,7.003348e-03,8.936929e-03,1.663630e-02,2.865823e-02,6.982807e-03
81.2929,5.881252e-03,7.672268e-03,1.496769e-02,2.671756e-02,5.862345e-03
84.157,4.908713e-03,6.556656e-03,1.343745e-02,2.488391e-02,4.891438e-03
87.122,4.071043e-03,5.577177e-03,1.203735e-02,2.315326e-02,4.055378e-03
90.1914,3.354186e-03,4.721384e-03,1.075935e-02,2.152162e-02,3.340089e-03
93.369,2.744807e-03,3.977368e-03,9.595582e-03,1.998500e-02,2.732220e-03
96.6586,2.230365e-03,3.333816e-03,8.538379e-03,1.853949e-02,2.219216e-03
100.064,1.799170e-03,2.780059e-03,7.580317e-03,1.718118e-02,1.789375e-03
103.589,1.440422e-03,2.306106e-03,6.714229e-03,1.590623e-02,1.431888e-03
107.239,1.144231e-03,1.902668e-03,5.933226e-03,1.471087e-02,1.136860e-03
111.017,9.016226e-04,1.561170e-03,5.230710e-03,1.359139e-02,8.953115e-04
114.929,7.045311e-04,1.273752e-03,4.600390e-03,1.254416e-02,6.991764e-04
118.978,5.457736e-04,1.033263e-03,4.036289e-03,1.156561e-02,5.412725e-04
123.17,4.190154e-04,8.332411e-04,3.532748e-03,1.065229e-02,4.152680e-04
127.509,3.187250e-04,6.678924e-04,3.084433e-03,9.800823e-03,3.156357e-04
132.002,2.401209e-04,5.320590e-04,2.686332e-03,9.007922e-03,2.375999e-04
136.652,1.791123e-04,4.211836e-04,2.333755e-03,8.270412e-03,1.770765e-04
141.467,1.322365e-04,3.312696e-04,2.022329e-03,7.585213e-03,1.306101e-04
146.451,9.659427e-05,2.588392e-04,1.747990e-03,6.949354e-03,9.530943e-05
151.61,6.978527e-05,2.008888e-04,1.506976e-03,6.359965e-03,6.878182e-05
156.952,4.984496e-05,1.548450e-04,1.295817e-03,5.814289e-03,4.907050e-05
162.482,3.518442e-05,1.185202e-04,1.111326e-03,5.309675e-03,3.459397e-05
168.206,2.453422e-05,9.006972e-05,9.505806e-04,4.843580e-03,2.408971e-05
174.132,1.689278e-05,6.795061e-05,8.109176e-04,4.413572e-03,1.656247e-05
180.267,1.148009e-05,5.088299e-05,6.899138e-04,4.017325e-03,1.123794e-05
186.619,7.696733e-06,3.781399e-05,5.853740e-04,3.652622e-03,7.521655e-06
193.193,5.088374e-06,2.788488e-05,4.953166e-04,3.317351e-03,4.963601e-06
200,3.315512e-06,2.040125e-05,4.179589e-04,3.009504e-03,3.227902e-06
207.046,2.128147e-06,1.480645e-05,3.517029e-04,2.727178e-03,2.067568e-06
214.341,1.344945e-06,1.065826e-05,2.951213e-04,2.468566e-03,1.303717e-06
221.893,8.364195e-07,7.608463e-06,2.469439e-04,2.231964e-03,8.088181e-07
229.71,5.115843e-07,5.385382e-06,2.060438e-04,2.015758e-03,4.934165e-07
237.803,3.075615e-07,3.779017e-06,1.714254e-04,1.818431e-03,2.958110e-07
246.182,1.816386e-07,2.628556e-06,1.422120e-04,1.638552e-03,1.741753e-07
254.855,1.053116e-07,1.812028e-06,1.176343e-04,1.474780e-03,1.006594e-07
263.834,5.990433e-08,1.237812e-06,9.701945e-05,1.325853e-03,5.706012e-08
273.129,3.340915e-08,8.377599e-07,7.978152e-05,1.190592e-03,3.170483e-08
282.752,1.825577e-08,5.616841e-07,6.541174e-05,1.067895e-03,1.725547e-08
292.714,9.766838e-09,3.729966e-07,5.347000e-05,9.567314e-04,9.192209e-09
303.027,5.112206e-09,2.452959e-07,4.357699e-05,8.561415e-04,4.789354e-09
313.703,2.615975e-09,1.597278e-07,3.540694e-05,7.652326e-04,2.438700e-09
324.755,1.307642e-09,1.029694e-07,2.868105e-05,6.831750e-04,1.212586e-09
336.197,6.380009e-10,6.570609e-08,2.316163e-05,6.091993e-04,5.882690e-10
348.042,3.035754e-10,4.149587e-08,1.864671e-05,5.425927e-04,2.782093e-10
360.304,1.407498e-10,2.593214e-08,1.496533e-05,4.826963e-04,1.281474e-10
372.998,6.352947e-11,1.603387e-08,1.197328e-05,4.289017e-04,5.743637e-11
386.14,2.788981e-11,9.807029e-09,9.549365e-06,3.806481e-04,2.502563e-11
399.744,1.189714e-11,5.932916e-09,7.592117e-06,3.374194e-04,1.058940e-11
413.828,4.926459e-12,3.549467e-09,6.016866e-06,2.987413e-04,4.347083e-12
428.407,1.978233e-12,2.099690e-09,4.753232e-06,2.641786e-04,1.729424e-12
443.501,7.695024e-13,1.227940e-09,3.742927e-06,2.333328e-04,6.660424e-13
459.126,2.896385e-13,7.098426e-10,2.937850e-06,2.058391e-04,2.480289e-13
475.302,1.053719e-13,4.055491e-10,2.298457e-06,1.813646e-04,8.920479e-14
492.048,3.700892e-14,2.289575e-10,1.792356e-06,1.596056e-04,3.094761e-14
509.384,1.253361e-14,1.277114e-10,1.393111e-06,1.402856e-04,1.034351e-14
527.33,4.087807e-15,7.037243e-11,1.079229e-06,1.231533e-04,3.326135e-15
545.909,1.282295e-15,3.830075e-11,8.332990e-07,1.079805e-04,1.027666e-15
565.142,3.863572e-16,2.058631e-11,6.412688e-07,9.456047e-05,3.046443e-16
585.053,1.116590e-16,1.092575e-11,4.918407e-07,8.270607e-05,8.652259e-17
605.666,3.090887e-17,5.724803e-12,3.759646e-07,7.224822e-05,2.350748e-17
627.004,8.183086e-18,2.961024e-12,2.864182e-07,6.303438e-05,6.100201e-18
649.095,2.068877e-18,1.511581e-12,2.174597e-07,5.492714e-05,1.509528e-18
671.964,4.987151e-19,7.614913e-13,1.645411e-07,4.780290e-05,3.556069e-19
695.638,1.144368e-19,3.785117e-13,1.240741e-07,4.155065e-05,7.961192e-20
720.147,2.495427e-20,1.856143e-13,9.323786e-08,3.607086e-05,1.690774e-20
745.519,5.162238e-21,8.978397e-14,6.982345e-08,3.127438e-05,3.400055e-21
771.785,1.011271e-21,4.283305e-14,5.210768e-08,2.708153e-05,6.461656e-22
798.976,1.872539e-22,2.015071e-14,3.875139e-08,2.342118e-05,1.158230e-22
827.125,3.271141e-23,9.346978e-15,2.871782e-08,2.022990e-05,1.954084e-23
856.266,5.380430e-24,4.274260e-15,2.120744e-08,1.745128e-05,3.096441e-24
886.434,8.315731e-25,1.926633e-15,1.560599e-08,1.503514e-05,4.598266e-25
917.665,1.205141e-25,8.559039e-16,1.144339e-08,1.293701e-05,6.384753e-26
949.996,1.634134e-26,3.746966e-16,8.361272e-09,1.111743e-05,8.269601e-27
983.466,2.068608e-27,1.616233e-16,6.087489e-09,9.541535e-06,9.966696e-28
1018.12,2.438974e-28,6.868136e-17,4.416176e-09,8.178508e-06,1.114916e-28
1053.99,2.672019e-29,2.874924e-17,3.192207e-09,7.001171e-06,1.154561e-29
1091.12,2.713364e-30,1.185247e-17,2.299146e-09,5.985588e-06,1.103810e-30
1129.56,2.547482e-31,4.812038e-18,1.649936e-09,5.110710e-06,9.715216e-32
1169.36,2.205529e-32,1.923668e-18,1.179742e-09,4.358056e-06,7.849199e-33
1210.56,1.756066e-33,7.571048e-19,8.404672e-10,3.711422e-06,5.803674e-34
1253.21,1.282293e-34,2.933262e-19,5.965720e-10,3.156623e-06,3.914977e-35
1297.36,8.562597e-36,1.118561e-19,4.218983e-10,2.681258e-06,2.401596e-36
1343.07,5.213276e-37,4.197853e-20,2.972694e-10,2.274506e-06,1.335247e-37
1390.39,2.885215e-38,1.550243e-20,2.086819e-10,1.926935e-06,6.705170e-39
1439.37,1.446913e-39,5.632789e-21,1.459507e-10,1.630336e-06,3.030306e-40
1490.08,6.553847e-41,2.013470e-21,1.016973e-10,1.377578e-06,1.227945e-41
1542.58,2.672326e-42,7.079654e-22,7.059743e-11,1.162474e-06,4.444451e-43
1596.93,9.775246e-44,2.448342e-22,4.882473e-11,9.796648e-07,1.431118e-44
1653.19,3.196478e-45,8.326711e-23,3.364009e-11,8.245130e-07,4.082838e-46
1711.44,9.309707e-47,2.784615e-23,2.309063e-11,6.930145e-07,1.027604e-47
1771.73,2.405956e-48,9.155807e-24,1.578959e-11,5.817158e-07,2.271689e-49
1834.15,5.495980e-50,2.959494e-24,1.075617e-11,4.876431e-07,4.390831e-51
1898.78,1.105293e-51,9.403257e-25,7.299463e-12,4.082394e-07,7.385232e-53
1965.67,1.948960e-53,2.936499e-25,4.934762e-12,3.413095e-07,1.075658e-54
2034.93,3.000459e-55,9.012053e-26,3.323370e-12,2.849716e-07,1.349814e-56
2106.62,4.015546e-57,2.717763e-26,2.229584e-12,2.376147e-07,1.451725e-58
2180.84,4.650851e-59,8.052785e-27,1.490036e-12,1.978621e-07,1.330898e-60
2257.68,4.640391e-61,2.344121e-27,9.919578e-13,1.645389e-07,1.034218e-62
2337.22,3.969699e-63,6.702961e-28,6.578221e-13,1.366439e-07,6.772623e-65
2419.56,2.897544e-65,1.882609e-28,4.345484e-13,1.133252e-07,3.715014e-67
2504.81,1.795567e-67,5.192958e-29,2.859419e-13,9.385913e-08,1.696337e-69
2593.06,9.398135e-70,1.406648e-29,1.874230e-13,7.763174e-08,6.406278e-72
2684.41,4.132934e-72,3.741344e-30,1.223685e-13,6.412302e-08,1.987633e-74
2778.99,1.518788e-74,9.770059e-31,7.958166e-14,5.289316e-08,5.031478e-77
2876.9,4.638099e-77,2.504669e-31,5.155244e-14,4.357075e-08,1.031741e-79
2978.26,1.170317e-79,6.302953e-32,3.326397e-14,3.584261e-08,1.701134e-82
3083.19,2.425709e-82,1.556810e-32,2.137880e-14,2.944506e-08,2.238012e-85
3191.81,4.105154e-85,3.773834e-33,1.368589e-14,2.415642e-08,2.330707e-88
3304.27,5.637563e-88,8.977261e-34,8.726479e-15,1.979060e-08,1.905630e-91
3420.68,6.242679e-91,2.095451e-34,5.542138e-15,1.619164e-08,1.212867e-94
3541.2,5.537889e-94,4.798913e-35,3.505774e-15,1.322901e-08,5.956337e-98
3665.96,3.909452e-97,1.078201e-35,2.208792e-15,1.079364e-08,2.236501e-101
3795.12,2.181315e-100,2.376337e-36,1.386074e-15,8.794501e-09,6.360272e-105
3928.83,9.552363e-104,5.137223e-37,8.663126e-16,7.155773e-09,1.356585e-108
4067.25,3.259705e-107,1.089236e-37,5.392818e-16,5.814377e-09,2.148234e-112
4210.54,8.604595e-111,2.264904e-38,3.343536e-16,4.717916e-09,2.499324e-116
4358.89,1.743819e-114,4.618212e-39,2.064627e-16,3.822934e-09,2.113258e-120
4512.46,2.692454e-118,9.233294e-40,1.269752e-16,3.093444e-09,1.284068e-124
4671.44,3.142323e-122,1.809926e-40,7.777400e-17,2.499687e-09,5.542090e-129
4836.03,2.749861e-126,3.478159e-41,4.744433e-17,2.017094e-09,1.678709e-133
5006.41,1.789578e-130,6.552183e-42,2.882473e-17,1.625410e-09,3.524321e-138
5182.79,8.588433e-135,1.209859e-42,1.744108e-17,1.307963e-09,5.062498e-143
5365.39,3.013451e-139,2.189575e-43,1.051007e-17,1.051049e-09,4.909496e-148
5554.42,7.662741e-144,3.883524e-44,6.307513e-18,8.434204e-10,3.170156e-153
5750.12,1.399511e-148,6.749922e-45,3.769882e-18,6.758631e-10,1.343609e-158
5952.7,1.819122e-153,1.149591e-45,2.243939e-18,5.408363e-10,3.682744e-164
6162.43,1.667172e-158,1.918342e-46,1.330162e-18,4.321800e-10,6.428468e-170
6379.54,1.067063e-163,3.136268e-47,7.852447e-19,3.448694e-10,7.033583e-176
6604.3,4.723543e-169,5.023093e-48,4.616461e-19,2.748114e-10,4.744949e-182
6836.98,1.431885e-174,7.880752e-49,2.702799e-19,2.186777e-10,1.940319e-188
7077.86,2.942552e-180,1.211072e-49,1.575853e-19,1.737653e-10,4.725433e-195
7327.23,4.057399e-186,1.822828e-50,9.149798e-20,1.378827e-10,6.729876e-202
7585.38,3.714747e-192,2.686973e-51,5.290519e-20,1.092557e-10,5.499972e-209
7852.63,2.234283e-198,3.878748e-52,3.046301e-20,8.644995e-11,2.529319e-216
8129.29,8.732996e-205,5.482760e-53,1.746755e-20,6.830800e-11,6.414141e-224
8415.7,2.193883e-211,7.588497e-54,9.974081e-21,5.389688e-11,8.783298e-232
8712.2,3.502819e-218,1.028326e-54,5.671427e-21,4.246590e-11,6.355245e-240
9019.14,3.514202e-225,1.364251e-55,3.211348e-21,3.341189e-11,2.375756e-248
9336.9,2.189842e-232,1.771807e-56,1.810736e-21,2.625095e-11,4.482926e-257
9665.86,8.376660e-240,2.252518e-57,1.016699e-21,2.059546e-11,4.168222e-266
10006.4,1.943659e-247,2.802983e-58,5.684557e-22,1.613541e-11,1.862689e-275
10358.9,2.702737e-255,3.413852e-59,3.164934e-22,1.262321e-11,3.898698e-285
10723.9,2.224804e-263,4.069233e-60,1.754664e-22,9.861435e-12,3.721196e-295
11101.7,1.070731e-271,4.746744e-61,9.686821e-23,7.692906e-12,1.575487e-305
11492.9,2.975056e-280,5.418350e-62,5.325055e-23,5.992667e-12,2.875269e-316
11897.8,4.711842e-289,6.051997e-63,2.914873e-23,4.661531e-12,0.000000e+00
12317,4.199074e-298,6.613994e-64,1.588785e-23,3.620887e-12,0.000000e+00
12750.9,2.078273e-307,7.071890e-65,8.622988e-24,2.808529e-12,0.000000e+00
13200.2,5.637571e-317,7.397541e-66,4.660098e-24,2.175303e-12,0.000000e+00
13665.2,0.000000e+00,7.569953e-67,2.507691e-24,1.682429e-12,0.000000e+00
14146.7,0.000000e+00,7.577521e-68,1.343669e-24,1.299359e-12,0.000000e+00
14645.1,0.000000e+00,7.419311e-69,7.168815e-25,1.002067e-12,0.000000e+00
15161,0.000000e+00,7.105215e-70,3.808346e-25,7.716830e-13,0.000000e+00
15695.2,0.000000e+00,6.654923e-71,2.014452e-25,5.934099e-13,0.000000e+00
16248.2,0.000000e+00,6.095877e-72,1.060978e-25,4.556631e-13,0.000000e+00
16820.6,0.000000e+00,5.460499e-73,5.563936e-26,3.493861e-13,0.000000e+00
17413.2,0.000000e+00,4.783074e-74,2.905239e-26,2.675096e-13,0.000000e+00
18026.7,0.000000e+00,4.096724e-75,1.510439e-26,2.045242e-13,0.000000e+00
18661.9,0.000000e+00,3.430815e-76,7.818859e-27,1.561424e-13,0.000000e+00
19319.3,0.000000e+00,2.809090e-77,4.029955e-27,1.190330e-13,0.000000e+00
20000,0.000000e+00,2.248632e-78,2.068099e-27,9.061160e-14,0.000000e+00
