config_name,kappa,r_fit,r_phys,med_eff_us,cv_eff,stretch,sse
add_random_graph,0.01,0.9795753489288289,0.9725441523126471,1166.1795729362655,2.9999999999999996,6.702181453656698,1.4762878184173682
add_random_graph,0.03,0.9792274039429986,0.9750346721402904,1174.6981613741293,2.9999999999999996,6.751138858472008,1.576531043964552
add_random_graph,0.06,0.9451375811912949,0.9476896842496424,1482.2636241187572,2.9999999999999996,8.518756460452629,1.8209481258894946
add_random_graph,0.08,0.9071173439210358,0.9399915174194783,3031.0193224157842,2.999999999999997,17.419651278251635,1.0456258160333844
add_random_graph,0.1,0.8522872035992434,0.903147160253435,2536.8811017563607,2.9999999999999996,14.579776446875636,1.2233264940167792
add_random_graph,0.15,0.577793177149981,0.5536188670493577,878.7603623286259,2.9999999999999996,5.050346909934632,5.061397903127604
add_random_graph,0.2,0.0385992548099867,-0.03636573378279675,105.79055784069205,2.9999999999999996,0.6079917117281152,35.77176442634273
add_ring_bidir,0.01,0.9798505186967557,0.9735422372667935,1178.5565695039147,2.9999999999999996,6.773313617838591,1.488412956868609
add_ring_bidir,0.03,0.9779173485725461,0.9716720356677909,1212.3500745736933,2.9999999999999996,6.967529164216628,1.510835262365125
add_ring_bidir,0.06,0.9210573310929362,0.9331514203802773,1938.775626189303,2.9999999999999996,11.142388656260362,1.6124733181093647
add_ring_bidir,0.08,0.8307744679560547,0.8857730419278763,3803.4985077033057,2.9999999999999996,21.859186825881068,0.9338922988717009
add_ring_bidir,0.1,0.847509749306681,0.9009491132026002,2802.1778285396085,2.9999999999999996,16.104470278963266,1.1291094238082258
add_ring_bidir,0.15,0.5733532973837961,0.5466311730654417,866.4997842136655,2.9999999999999996,4.979883817319917,5.164075548713903
add_ring_bidir,0.2,0.038599254809986286,-0.03636573378279702,105.79055784069205,2.9999999999999996,0.6079917117281152,35.771764426342685
hub_star,0.3,0.9771177755959154,0.9717802174695305,1200.1597864238695,2.9999999999999996,6.89747003691879,1.5470633691297278
hub_star,0.5,0.9727132685526078,0.9680039931611846,1225.4341210589694,2.9999999999999996,7.042724833672238,1.6030838224320587
hub_star,1.0,0.9641465157352168,0.9657526480126002,1356.661684399925,2.9999999999999996,7.796906232183478,1.6283605310679936
hub_star,3.0,0.9834602939008554,0.97442308836891,1192.588040704146,3.0000000000000004,6.853954256920378,1.3350273352055875
lateral_ring,0.1,0.9812178540591758,0.9713900096143517,1160.5959892650199,2.9999999999999996,6.670091892327701,1.3273859345550365
lateral_ring,0.3,0.9838484719947675,0.9732893565167714,1166.0574892976517,2.9999999999999996,6.701479823549723,1.2104536201592733
lateral_ring,1.0,0.9904403586732732,0.9806493332203782,1190.1109985705798,2.9999999999999996,6.839718382589539,0.9490825507132146
lateral_ring,3.0,0.9894337980333552,0.9798983648946297,1171.8887254877864,2.9999999999999996,6.734992675217163,0.5831519048873074
lateral_ring,10.0,0.9687797016288804,0.9593623659695484,1150.4181353126198,2.9999999999999996,6.61159847880816,0.3719387264695348
lateral_ring,15.0,0.9482387457766543,0.9416540064512178,1161.2333777869005,2.9999999999999996,6.673755044752302,0.3741057848329151
lateral_ring,20.0,0.9878876915335464,0.9898267835419984,1487.083584517337,2.9999999999999996,8.546457382283545,0.07156990053005939
lateral_ring,25.0,0.8334396315292418,0.9365542813068285,5000.000000000002,2.146622262010091,28.735632183908056,0.19566915414731653
lateral_ring,30.0,0.7689183726058842,0.9052255345424745,5000.000000000002,1.6942439794977684,28.735632183908056,0.18784268990525396
lateral_ring,50.0,0.6570850554467085,0.8020938459422395,5000.000000000002,1.7456172601008075,28.735632183908056,0.29405864759079553
lateral_ring,100.0,0.6254803347116448,0.7707257840564199,5000.000000000002,1.8278779624400272,28.735632183908056,0.35073344190070277
parallel,0.0,0.9796711273230664,0.970683583260371,1158.805251870289,3.0000000000000004,6.65980029810511,1.4006293450096199
random_graph,0.1,0.9811342017582239,0.9712379122301718,1159.5536013250046,3.0000000000000004,6.664101157040256,1.3267954439373357
random_graph,0.3,0.982938401681161,0.9716811200835812,1157.18519736087,2.9999999999999996,6.650489640005,1.1926828297334497
random_graph,1.0,0.983225418538305,0.969541100217687,1108.9296919101432,2.9999999999999996,6.373159148908869,0.7902690902803345
random_graph,3.0,0.9814356386249129,0.9731213402531418,915.5378244150864,2.9999999999999996,5.261711634569462,0.2797700293761277
random_graph,10.0,0.9739542478620691,0.9680660136243573,734.0765564365319,3.0000000000000004,4.2188307841179995,0.49887977974462444
random_graph,15.0,0.9592278428883456,0.9592946842897543,771.0346462141655,2.9999999999999996,4.4312335989319855,0.8363485849467281
random_graph,20.0,0.8649372343068517,0.9262891064977843,3687.464542776174,2.9999999999999996,21.19232495848376,0.3671870252536275
random_graph,25.0,0.9352626685468073,0.9854699066815572,5000.000000000002,2.2594386487608142,28.735632183908056,0.08678861207159427
random_graph,30.0,0.9012674519112094,0.982228158376168,5000.000000000002,1.642119676981771,28.735632183908056,0.08657049038687177
random_graph,50.0,0.7279586404292397,0.8603607283257347,5000.000000000002,1.8326707209032245,28.735632183908056,0.27153079465621793
random_graph,100.0,0.6193110178604392,0.7604589577403222,5000.000000000002,1.8912361333947911,28.735632183908056,0.36752547049663375
ring_bidir,0.1,0.9814694902697443,0.9718864739823618,1164.7057177437657,2.9999999999999996,6.693711021515895,1.3311814814497676
ring_bidir,0.3,0.9854462496127342,0.9762435253287625,1182.6418604269686,3.0000000000000004,6.796792301304417,1.2286395152735605
ring_bidir,1.0,0.992070102267229,0.9866325068871156,1249.4568300297885,2.9999999999999996,7.180786379481543,1.0045893781362791
ring_bidir,3.0,0.9905665791808397,0.9850930469638111,1253.4288320173998,2.9999999999999996,7.203613977111494,0.592631084619974
ring_bidir,10.0,0.9419846238121423,0.9402077549044253,1272.2797194529326,3.0000000000000004,7.311952410649038,0.42350967115322985
ring_bidir,15.0,0.8630874168386167,0.9237916693650834,3492.3185967393006,2.9999999999999996,20.070796532984488,0.4077276025225135
ring_bidir,20.0,0.9145955348551393,0.9618910318155389,3879.690312655938,2.9999999999999996,22.29707076239045,0.24093984116050757
ring_bidir,25.0,0.9095274122227048,0.9584481618277784,5000.000000000002,2.392925191824747,28.735632183908056,0.15220181664569415
ring_bidir,30.0,0.9010674126560186,0.969613663201858,5000.000000000002,2.0406569279555695,28.735632183908056,0.11202617181588494
ring_bidir,50.0,0.719936575726151,0.8356212256144915,5000.000000000002,2.1618386063817163,28.735632183908056,0.3450611661529051
ring_bidir,100.0,0.6456316221928231,0.7717927455858613,5000.000000000002,2.0614857851179473,28.735632183908056,0.3953861225779055
ring_unidir,0.1,0.9797187768357081,0.9745310224192413,1197.2565871882925,2.9999999999999996,6.880784983840762,1.5022884739168547
ring_unidir,0.3,0.9714933318181967,0.9669564260598192,1271.2655868314878,2.9999999999999996,7.30612406224993,1.5549910499977357
ring_unidir,0.5,0.9576264767789333,0.9645035955027222,1498.219808257591,2.9999999999999996,8.610458668147075,1.588592053558249
ring_unidir,0.7,0.8495872933380176,0.8863358402536454,2218.6052064944665,2.9999999999999996,12.75060463502567,1.6398896520338555
ring_unidir,1.0,0.7007257569807241,0.7694468995114682,2944.983783237556,2.9999999999999996,16.92519415653768,1.4720110211460176
ring_unidir,2.0,0.5943955794514695,0.6606449349659794,3287.433672227926,2.9999999999999996,18.89329696682716,1.4335423801493061
ring_unidir,3.0,0.5915866593201153,0.6699853769421654,3282.62703483678,2.9999999999999996,18.86567261400448,1.4346271838419167
ring_unidir,5.0,0.6618898799113205,0.7279961782224098,2946.3582341196657,2.9999999999999996,16.933093299538307,1.5328078961963947
ring_unidir,10.0,0.8883226909361215,0.9158384223182041,1939.3380294232813,2.9999999999999996,11.14562085875449,1.706619104513139
