lambda_target,cv_tau,arm,seed_idx,pre_nmse,post_nmse,kappa_settled,mc_heldout,runtime_s
-0.05,0.1,fixed,0,0.007969030125518087,0.0022437177059951214,25.0,10.30509828055112,52.12436079978943
-0.05,0.1,fixed,1,0.008392514227520105,0.002155324361424608,25.0,10.066503675999611,54.44196939468384
-0.05,0.1,fixed,2,0.007480173409469031,0.002352731193603841,25.0,10.103397010320993,52.040127992630005
-0.05,0.1,fixed,3,0.007082677614694625,0.0019242675233070224,25.0,8.162981221022418,55.91133642196655
-0.05,0.1,fixed,4,0.006324669557812005,0.0023927518168933774,25.0,8.70592148717612,59.26371383666992
-0.05,0.1,regulated,0,0.008289333319186722,0.0022815965008247297,24.53844339539666,9.831437618196505,68.11943888664246
-0.05,0.1,regulated,1,0.008295236549635097,0.0026125969236351384,26.099384919436233,11.00434406282277,60.45794367790222
-0.05,0.1,regulated,2,0.007338029037562881,0.0018909296249324237,25.071018258776704,4.145855352882315,63.227880239486694
-0.05,0.1,regulated,3,0.007071034715207328,0.002064307572501569,25.133322471393136,10.224157197628717,63.66048049926758
-0.05,0.1,regulated,4,0.006320666178941003,0.002648044013252445,25.469141884509533,8.845309374123525,71.90772461891174
-0.05,0.2,fixed,0,0.0059317340846643096,0.001574663435217403,25.0,9.66038209175254,56.1936092376709
-0.05,0.2,fixed,1,0.005792986200282418,0.0019100435294290266,25.0,9.208748533953605,54.975170850753784
-0.05,0.2,fixed,2,0.005271452283163257,0.0014640583652449114,25.0,9.759486661908547,54.676584005355835
-0.05,0.2,fixed,3,0.00561825381493118,0.0013787739716397507,25.0,8.901940498520446,56.24920034408569
-0.05,0.2,fixed,4,0.0054458991568762,0.0015552283371944255,25.0,5.851295454996026,54.67904305458069
-0.05,0.2,regulated,0,0.005978433829120944,0.002563661099922609,26.2881168748493,6.898439283579536,63.72335743904114
-0.05,0.2,regulated,1,0.005687562410640719,0.0019696643355187823,25.069380659161894,9.249651427022176,67.38924384117126
-0.05,0.2,regulated,2,0.005347667303244589,0.0026257394604786454,26.031569452645115,10.584907974108038,88.91331100463867
-0.05,0.2,regulated,3,0.005611744877313231,0.001465710152866834,25.399760190757338,9.088872878315524,105.93008279800415
-0.05,0.2,regulated,4,0.005668168957652816,0.0016396666927333942,25.352260490717473,10.124215332528836,95.026602268219
-0.05,0.4,fixed,0,0.004348945715177133,0.0015486739694992458,25.0,7.83649716128538,81.28672456741333
-0.05,0.4,fixed,1,0.0056081365711142415,0.002289786895013523,25.0,6.903666277387175,77.5457775592804
-0.05,0.4,fixed,2,0.004660768055163868,0.0017004685241924081,25.0,7.786740699125145,61.70010852813721
-0.05,0.4,fixed,3,0.004499237018016434,0.0017849433467785017,25.0,8.005535210123183,59.627281665802
-0.05,0.4,fixed,4,0.004796602041904238,0.0021765992526230713,25.0,7.117980348512116,58.42782187461853
-0.05,0.4,regulated,0,0.004408929204162019,0.001764145683533587,25.620553990185666,8.448299605862307,79.21309971809387
-0.05,0.4,regulated,1,0.0053367199367713135,0.0017076413281136807,24.37701904375632,6.931963786743722,81.25528621673584
-0.05,0.4,regulated,2,0.0047716667455300135,0.001645226157075487,24.83475128093698,7.819839567360691,77.31560206413269
-0.05,0.4,regulated,3,0.004455749448940172,0.001556257255775078,24.722449975944063,7.976766878204478,86.82988500595093
-0.05,0.4,regulated,4,0.004534693439990321,0.0018137943894088577,24.404011338178506,7.123057574107902,75.51500296592712
-0.02,0.1,fixed,0,0.007969030125518087,0.0022437177059951214,25.0,10.30509828055112,64.91033339500427
-0.02,0.1,fixed,1,0.008392514227520105,0.002155324361424608,25.0,10.066503675999611,62.951037645339966
-0.02,0.1,fixed,2,0.007480173409469031,0.002352731193603841,25.0,10.103397010320993,58.36065411567688
-0.02,0.1,fixed,3,0.007082677614694625,0.0019242675233070224,25.0,8.162981221022418,64.82861709594727
-0.02,0.1,fixed,4,0.006324669557812005,0.0023927518168933774,25.0,8.70592148717612,62.86208891868591
-0.02,0.1,regulated,0,0.0078184056890369,0.0031252325769729476,26.205758594316134,11.210428958841229,68.81273174285889
-0.02,0.1,regulated,1,0.009015631899785497,0.0036256381195552433,27.426106543034646,12.18216878459728,81.21348309516907
-0.02,0.1,regulated,2,0.007942873454952728,0.0031026307008045757,26.09314193559078,11.409660798989446,80.12620949745178
-0.02,0.1,regulated,3,0.0074938266669225245,0.002463269906455817,26.757236219559296,8.826184648949262,74.69298791885376
-0.02,0.1,regulated,4,0.006945341187746812,0.004071102058211791,27.439199536211863,10.223406390319228,76.81533360481262
-0.02,0.2,fixed,0,0.0059317340846643096,0.001574663435217403,25.0,9.66038209175254,68.51592183113098
-0.02,0.2,fixed,1,0.005792986200282418,0.0019100435294290266,25.0,9.208748533953605,68.1970522403717
-0.02,0.2,fixed,2,0.005271452283163257,0.0014640583652449114,25.0,9.759486661908547,73.30267930030823
-0.02,0.2,fixed,3,0.00561825381493118,0.0013787739716397507,25.0,8.901940498520446,67.49705719947815
-0.02,0.2,fixed,4,0.0054458991568762,0.0015552283371944255,25.0,5.851295454996026,64.14075636863708
-0.02,0.2,regulated,0,0.006802541431178432,0.002350524744662146,27.140956637475576,11.226403920656724,73.41558599472046
-0.02,0.2,regulated,1,0.006590556494463958,0.0026396294611953502,27.04892062517135,10.20074482753618,79.83312439918518
-0.02,0.2,regulated,2,0.004870593644498268,0.0032629458848079133,27.202796494714086,9.827902669826901,67.29073524475098
-0.02,0.2,regulated,3,0.005285852134771661,0.0026099867508937178,27.148298267902945,8.820131001974831,75.1910753250122
-0.02,0.2,regulated,4,0.006329179365130081,0.0026979929682744742,27.41823743940623,10.562533154966745,69.90296840667725
-0.02,0.4,fixed,0,0.004348945715177133,0.0015486739694992458,25.0,7.83649716128538,69.42021799087524
-0.02,0.4,fixed,1,0.0056081365711142415,0.002289786895013523,25.0,6.903666277387175,64.82741737365723
-0.02,0.4,fixed,2,0.004660768055163868,0.0017004685241924081,25.0,7.786740699125145,76.77853846549988
-0.02,0.4,fixed,3,0.004499237018016434,0.0017849433467785017,25.0,8.005535210123183,74.78978371620178
-0.02,0.4,fixed,4,0.004796602041904238,0.0021765992526230713,25.0,7.117980348512116,64.99817752838135
-0.02,0.4,regulated,0,0.004933210270055974,0.002267864569855889,26.60499147310924,8.599688865470808,72.86714315414429
-0.02,0.4,regulated,1,0.0059469343097858325,0.0022938060357545905,26.022706322282446,6.971144090500801,87.05966138839722
-0.02,0.4,regulated,2,0.004783504268505298,0.00238428303976712,26.20995180500249,7.354295587453607,77.61847877502441
-0.02,0.4,regulated,3,0.004629152158167148,0.0022625229263544475,26.077750011928686,8.172896429262993,83.1241888999939
-0.02,0.4,regulated,4,0.005767302788889145,0.00305454019033502,26.454214531718993,8.31067683510603,74.85855102539062
-0.005,0.1,fixed,0,0.007969030125518087,0.0022437177059951214,25.0,10.30509828055112,68.65650582313538
-0.005,0.1,fixed,1,0.008392514227520105,0.002155324361424608,25.0,10.066503675999611,66.13859844207764
-0.005,0.1,fixed,2,0.007480173409469031,0.002352731193603841,25.0,10.103397010320993,73.58820962905884
-0.005,0.1,fixed,3,0.007082677614694625,0.0019242675233070224,25.0,8.162981221022418,79.05039834976196
-0.005,0.1,fixed,4,0.006324669557812005,0.0023927518168933774,25.0,8.70592148717612,71.19439101219177
-0.005,0.1,regulated,0,0.009035761082043865,0.003396889102329731,27.354447429451223,7.513020342654523,77.712078332901
-0.005,0.1,regulated,1,0.009739990640385053,0.003709980318291768,27.90474435677058,12.557460443190756,81.7150387763977
-0.005,0.1,regulated,2,0.008267510493898029,0.004140758030506552,26.831688269382408,11.777755935461082,87.30082893371582
-0.005,0.1,regulated,3,0.007937248450300147,0.0027320357955677495,27.312434408131775,10.03417824233319,81.57342863082886
-0.005,0.1,regulated,4,0.0073515003551364215,0.004611509411416305,27.893798926378892,9.196499954793982,70.28203988075256
-0.005,0.2,fixed,0,0.0059317340846643096,0.001574663435217403,25.0,9.66038209175254,58.81449341773987
-0.005,0.2,fixed,1,0.005792986200282418,0.0019100435294290266,25.0,9.208748533953605,58.453168869018555
-0.005,0.2,fixed,2,0.005271452283163257,0.0014640583652449114,25.0,9.759486661908547,66.84380412101746
-0.005,0.2,fixed,3,0.00561825381493118,0.0013787739716397507,25.0,8.901940498520446,59.7525098323822
-0.005,0.2,fixed,4,0.0054458991568762,0.0015552283371944255,25.0,5.851295454996026,58.170660734176636
-0.005,0.2,regulated,0,0.007393133858502845,0.0027671142532679585,27.80123338015476,11.235421240258209,64.39722347259521
-0.005,0.2,regulated,1,0.007799779248004569,0.003194489936788275,27.791015534947373,10.46537051191019,66.29458403587341
-0.005,0.2,regulated,2,0.00584681256294081,0.0036070968541140305,27.68281372399802,10.55553363128849,70.50325274467468
-0.005,0.2,regulated,3,0.006437814823573247,0.0028946220785489177,27.774145087970115,9.037725109702443,66.19413733482361
-0.005,0.2,regulated,4,0.006683851961130763,0.00250170833839353,27.69450262660734,10.61970610514669,63.38693451881409
-0.005,0.4,fixed,0,0.004348945715177133,0.0015486739694992458,25.0,7.83649716128538,56.73218321800232
-0.005,0.4,fixed,1,0.0056081365711142415,0.002289786895013523,25.0,6.903666277387175,59.77899765968323
-0.005,0.4,fixed,2,0.004660768055163868,0.0017004685241924081,25.0,7.786740699125145,66.03922152519226
-0.005,0.4,fixed,3,0.004499237018016434,0.0017849433467785017,25.0,8.005535210123183,113.37836933135986
-0.005,0.4,fixed,4,0.004796602041904238,0.0021765992526230713,25.0,7.117980348512116,133.36802339553833
-0.005,0.4,regulated,0,0.006500001340831627,0.002744450613070247,27.103027359375158,8.73452855485017,183.60794115066528
-0.005,0.4,regulated,1,0.006103946023479935,0.0036357878196546065,26.965964740236625,7.002960987408067,82.31230807304382
-0.005,0.4,regulated,2,0.0053060826747936465,0.0028624632254502422,26.744167626568483,7.714000564588768,63.44419026374817
-0.005,0.4,regulated,3,0.005371595680342499,0.0027684337110392846,26.694380443460197,8.339537283058368,61.324467182159424
-0.005,0.4,regulated,4,0.006135157925103224,0.003325095911155277,27.18705503027692,7.851494343666048,57.14096021652222
0.0,0.1,fixed,0,0.007969030125518087,0.0022437177059951214,25.0,10.30509828055112,51.88946270942688
0.0,0.1,fixed,1,0.008392514227520105,0.002155324361424608,25.0,10.066503675999611,52.215760231018066
0.0,0.1,fixed,2,0.007480173409469031,0.002352731193603841,25.0,10.103397010320993,54.097487688064575
0.0,0.1,fixed,3,0.007082677614694625,0.0019242675233070224,25.0,8.162981221022418,50.200700759887695
0.0,0.1,fixed,4,0.006324669557812005,0.0023927518168933774,25.0,8.70592148717612,51.50998377799988
0.0,0.1,regulated,0,0.00920529560214067,0.0039923634093529175,27.658489287884187,12.214730795298976,56.213279247283936
0.0,0.1,regulated,1,0.009839126151276295,0.004121339280524117,28.176429427337336,12.79944490331107,72.3753650188446
0.0,0.1,regulated,2,0.00850395493404238,0.0041659476005675685,26.985872882383305,12.003519721132745,65.01801586151123
0.0,0.1,regulated,3,0.007948085566718886,0.0029162523307521265,27.53174736936373,10.018307835889676,57.63390064239502
0.0,0.1,regulated,4,0.007716765570883075,0.004988810601093871,28.106772457116197,11.931508729862989,55.452378273010254
0.0,0.2,fixed,0,0.0059317340846643096,0.001574663435217403,25.0,9.66038209175254,55.279120683670044
0.0,0.2,fixed,1,0.005792986200282418,0.0019100435294290266,25.0,9.208748533953605,51.028905153274536
0.0,0.2,fixed,2,0.005271452283163257,0.0014640583652449114,25.0,9.759486661908547,52.81239104270935
0.0,0.2,fixed,3,0.00561825381493118,0.0013787739716397507,25.0,8.901940498520446,53.17689776420593
0.0,0.2,fixed,4,0.0054458991568762,0.0015552283371944255,25.0,5.851295454996026,56.59214234352112
0.0,0.2,regulated,0,0.007500075080727316,0.0028104168356406067,27.978210685215657,11.244382888455752,55.38586115837097
0.0,0.2,regulated,1,0.008124069603963651,0.0033443103210075665,27.96654380911216,10.520980090331198,61.413556814193726
0.0,0.2,regulated,2,0.006140766711620591,0.003657757240877678,27.836200956241694,10.427812783168708,75.6346824169159
0.0,0.2,regulated,3,0.006839455673808946,0.0031809390188840014,27.971737531527335,8.774621444009794,70.50879740715027
0.0,0.2,regulated,4,0.0068298399345796896,0.0027406297536016334,27.91515609533718,10.530090231604593,58.20847511291504
0.0,0.4,fixed,0,0.004348945715177133,0.0015486739694992458,25.0,7.83649716128538,48.79360103607178
0.0,0.4,fixed,1,0.0056081365711142415,0.002289786895013523,25.0,6.903666277387175,50.598352670669556
0.0,0.4,fixed,2,0.004660768055163868,0.0017004685241924081,25.0,7.786740699125145,50.346076250076294
0.0,0.4,fixed,3,0.004499237018016434,0.0017849433467785017,25.0,8.005535210123183,51.03108525276184
0.0,0.4,fixed,4,0.004796602041904238,0.0021765992526230713,25.0,7.117980348512116,62.590394496917725
0.0,0.4,regulated,0,0.0077420161631245755,0.00286499161602153,27.28326819353208,8.71641497359383,58.67167592048645
0.0,0.4,regulated,1,0.006152898276209891,0.0038968390992907644,27.124844008558707,6.98100125684552,56.952632188797
0.0,0.4,regulated,2,0.0055391184625369055,0.00306645023380252,26.91660346497673,7.831957642601229,58.84899044036865
0.0,0.4,regulated,3,0.005500947632389711,0.002932602920864667,26.873081797239223,8.287841693182793,57.410181760787964
0.0,0.4,regulated,4,0.006352286905067524,0.003497758663552123,27.356844115570624,7.875910122730942,83.69287705421448
