arm,tau_m,seed,stream_ppl,neg_frac,t_adapt_mean,forgetting_ppl,switches_detected,n_switches,clip_frac,stream_ppl_unclipped,stream_n_unc_undefined,forget_neg_frac,forget_clip_frac,forgetting_ppl_unclipped,forget_n_unc_undefined,runtime_s
A1,0.0,0,11.856420129224789,0.015556419801100061,20.0,7.8845055765761005,0,5,0.015556419801100061,7.967049303229612,280,0.0004008016032064128,0.0004008016032064128,7.7964611550198555,1,4.523920774459839
A1,0.0,1,11.632281831852639,0.01600088893827435,20.0,8.738496905700682,0,5,0.01600088893827435,7.724329846736222,288,0.002404809619238477,0.002404809619238477,8.159118095104882,6,4.562791347503662
A1,0.0,2,11.59204962945722,0.015500861158953275,20.0,8.506051721556897,0,5,0.015500861158953275,7.797875530030144,279,0.0012024048096192384,0.0012024048096192384,8.237950413378572,3,4.645742893218994
A1,0.0,3,11.912410680675343,0.015778654369687204,20.0,8.455264110853838,0,5,0.015778654369687204,7.959216650484768,284,0.0012024048096192384,0.0012024048096192384,8.22853030231018,3,4.6113362312316895
A1,0.0,4,11.850079151887456,0.016056447580421136,20.0,8.021205617527773,0,5,0.016056447580421136,7.859974973041615,289,0.0,0.0,8.021205617527773,0,4.773078918457031
A1,0.0,5,11.851402142669775,0.01677870992832935,20.0,7.932161063585663,0,5,0.01677870992832935,7.714595974571708,302,0.0004008016032064128,0.0004008016032064128,7.849743895462753,1,4.569995641708374
A1,0.0,6,11.725489023319781,0.015389743874659703,20.0,8.584143401603058,0,5,0.015389743874659703,7.9118548490669625,277,0.0004008016032064128,0.0004008016032064128,8.487845910504285,1,4.606383562088013
A1,0.0,7,11.518797695706334,0.015389743874659703,20.0,8.11830710388008,0,5,0.015389743874659703,7.770228172584222,277,0.0008016032064128256,0.0008016032064128256,7.956728185882552,2,4.629282712936401
A1,0.0,8,11.766794159922396,0.01572309572754042,20.0,9.19187403269118,0,5,0.01572309572754042,7.871726602736756,283,0.0008016032064128256,0.0008016032064128256,8.974768340853203,2,4.611121892929077
A1,0.0,9,11.835518385728989,0.01600088893827435,20.0,8.436094537093101,0,5,0.01600088893827435,7.861501492763516,288,0.0008016032064128256,0.0008016032064128256,8.26811468915981,2,4.642240047454834
A2,200.0,0,10.267559673443037,0.0,20.0,8.587955747067642,3,5,0.0,10.267559673443037,0,0.0,0.0,8.587955747067642,0,5.75443434715271
A2,200.0,1,10.133301775940803,0.0,20.0,8.904455552008576,2,5,0.0,10.133301775940803,0,0.0,0.0,8.904455552008576,0,5.635591745376587
A2,200.0,2,10.264339127423082,0.0,20.0,8.970651158555409,3,5,0.0,10.264339127423082,0,0.0,0.0,8.970651158555409,0,5.700041770935059
A2,200.0,3,10.459568213308991,0.0,20.0,8.990316282561007,5,5,0.0,10.459568213308991,0,0.0,0.0,8.990316282561007,0,5.598005533218384
A2,200.0,4,9.757431625776517,5.555864214678593e-05,20.0,8.69424945009146,1,5,5.555864214678593e-05,9.743696436863294,1,0.0,0.0,8.69424945009146,0,5.666659593582153
A2,200.0,5,10.067120153494068,0.0,20.0,8.395771048332344,3,5,0.0,10.067120153494068,0,0.0,0.0,8.395771048332344,0,5.696468830108643
A2,200.0,6,10.417236428732577,0.00011111728429357187,20.0,9.057618364206611,4,5,0.00011111728429357187,10.388003035325676,2,0.0,0.0,9.057618364206611,0,5.6262876987457275
A2,200.0,7,10.236983778954649,0.00022223456858714373,20.0,8.877663933840454,1,5,0.00022223456858714373,10.179563423024295,4,0.0,0.0,8.877663933840454,0,5.656681060791016
A2,200.0,8,10.33589513393091,0.0,20.0,9.50449654669722,2,5,0.0,10.33589513393091,0,0.0,0.0,9.50449654669722,0,5.81683874130249
A2,200.0,9,10.439256082629514,5.555864214678593e-05,20.0,9.102318289615226,4,5,5.555864214678593e-05,10.424600235787715,1,0.0,0.0,9.102318289615226,0,5.705714464187622
A2,500.0,0,9.518806461988158,0.0,20.0,8.157275609861646,2,5,0.0,9.518806461988158,0,0.0,0.0,8.157275609861646,0,5.725409984588623
A2,500.0,1,9.646910898789578,0.0,20.0,8.394697972408704,0,5,0.0,9.646910898789578,0,0.0,0.0,8.394697972408704,0,5.599865436553955
A2,500.0,2,9.488160933542334,0.0,20.0,8.494978277666142,0,5,0.0,9.488160933542334,0,0.0,0.0,8.494978277666142,0,5.605214357376099
A2,500.0,3,9.628728535200265,0.0,20.0,8.453968239109539,0,5,0.0,9.628728535200265,0,0.0,0.0,8.453968239109539,0,5.638172149658203
A2,500.0,4,9.539532869967196,5.555864214678593e-05,20.0,8.299067650580737,0,5,5.555864214678593e-05,9.526092455596807,1,0.0,0.0,8.299067650580737,0,5.638859748840332
A2,500.0,5,9.307154736235272,0.0,20.0,8.026436416538651,1,5,0.0,9.307154736235272,0,0.0,0.0,8.026436416538651,0,5.757572889328003
A2,500.0,6,9.592724300421768,0.00011111728429357187,20.0,8.529237552108736,0,5,0.00011111728429357187,9.56571704115327,2,0.0,0.0,8.529237552108736,0,5.71607518196106
A2,500.0,7,9.407270960229315,0.0001666759264403578,20.0,8.270732921632248,0,5,0.0001666759264403578,9.367538544814758,3,0.0,0.0,8.270732921632248,0,5.584795713424683
A2,500.0,8,9.596743319505272,0.0,20.0,9.020522466856782,0,5,0.0,9.596743319505272,0,0.0,0.0,9.020522466856782,0,5.695757865905762
A2,500.0,9,9.568581972131149,5.555864214678593e-05,20.0,8.538295877714017,0,5,5.555864214678593e-05,9.555102244169637,1,0.0,0.0,8.538295877714017,0,5.652454614639282
A2,1000.0,0,9.426922463247486,0.0,20.0,7.859337655357875,0,5,0.0,9.426922463247486,0,0.0,0.0,7.859337655357875,0,6.750678300857544
A2,1000.0,1,9.386266488238471,0.0,20.0,8.081473802547055,0,5,0.0,9.386266488238471,0,0.0,0.0,8.081473802547055,0,7.081407785415649
A2,1000.0,2,9.145887275536655,0.0,20.0,8.17439999211214,0,5,0.0,9.145887275536655,0,0.0,0.0,8.17439999211214,0,6.4317028522491455
A2,1000.0,3,9.412173320119198,0.0,20.0,8.130043536977464,0,5,0.0,9.412173320119198,0,0.0,0.0,8.130043536977464,0,6.251624584197998
A2,1000.0,4,9.262780015854903,5.555864214678593e-05,20.0,7.996955306526772,0,5,5.555864214678593e-05,9.249714393143138,1,0.0,0.0,7.996955306526772,0,6.268800973892212
A2,1000.0,5,9.044803059818742,0.0,20.0,7.805715051972638,0,5,0.0,9.044803059818742,0,0.0,0.0,7.805715051972638,0,6.426099061965942
A2,1000.0,6,9.464014189579862,0.00011111728429357187,20.0,8.48247605638893,0,5,0.00011111728429357187,9.437355132351993,2,0.0,0.0,8.48247605638893,0,6.277205944061279
A2,1000.0,7,9.22900495809677,0.0001666759264403578,20.0,8.012132357261313,0,5,0.0001666759264403578,9.189996154553112,3,0.0,0.0,8.012132357261313,0,6.295194864273071
A2,1000.0,8,9.347127596924324,0.0,20.0,8.74199084097615,0,5,0.0,9.347127596924324,0,0.0,0.0,8.74199084097615,0,6.264818906784058
A2,1000.0,9,9.283331267454875,5.555864214678593e-05,20.0,8.255550276797978,0,5,5.555864214678593e-05,9.270237797673106,1,0.0,0.0,8.255550276797978,0,6.4056556224823
A2,2000.0,0,9.959591197899536,0.0,20.0,7.583725645427521,0,5,0.0,9.959591197899536,0,0.0,0.0,7.583725645427521,0,6.353900909423828
A2,2000.0,1,10.08328907725499,0.0,20.0,8.001899152607887,0,5,0.0,10.08328907725499,0,0.0,0.0,8.001899152607887,0,6.283396244049072
A2,2000.0,2,9.471612148185617,0.0,20.0,8.045752662521652,0,5,0.0,9.471612148185617,0,0.0,0.0,8.045752662521652,0,6.298527002334595
A2,2000.0,3,9.760572519256563,0.0,20.0,7.9748528010886925,0,5,0.0,9.760572519256563,0,0.0,0.0,7.9748528010886925,0,6.563430070877075
A2,2000.0,4,9.66477293269109,5.555864214678593e-05,20.0,7.713833360756112,0,5,5.555864214678593e-05,9.651163059578376,1,0.0,0.0,7.713833360756112,0,6.305682182312012
A2,2000.0,5,9.373034849575268,0.0,20.0,7.7961935588635685,0,5,0.0,9.373034849575268,0,0.0,0.0,7.7961935588635685,0,6.371649742126465
A2,2000.0,6,9.584253275176025,0.00011111728429357187,20.0,8.794455599529611,0,5,0.00011111728429357187,9.55726892682967,2,0.0,0.0,8.794455599529611,0,6.41761040687561
A2,2000.0,7,9.704687840293397,5.555864214678593e-05,20.0,7.703741945072146,0,5,5.555864214678593e-05,9.691023978441496,1,0.0,0.0,7.703741945072146,0,6.424178838729858
A2,2000.0,8,9.717490311760208,0.0,20.0,8.55636318574194,0,5,0.0,9.717490311760208,0,0.0,0.0,8.55636318574194,0,6.392660617828369
A2,2000.0,9,9.687686209631547,5.555864214678593e-05,20.0,8.028887230832893,0,5,5.555864214678593e-05,9.674045342999221,1,0.0,0.0,8.028887230832893,0,6.574690103530884
A3,200.0,0,11.959747448632191,0.028501583421301182,20.0,6.12999662936181,3,5,0.028501583421301182,5.718562645499108,513,0.007214428857715431,0.007214428857715431,5.0722071352889735,18,8.265167236328125
A3,200.0,1,12.13049611856335,0.030557253180732262,20.0,6.538575782294688,2,5,0.030557253180732262,5.492849641076593,550,0.008817635270541082,0.008817635270541082,5.182509666145796,22,6.220052719116211
A3,200.0,2,12.177851674332656,0.029612756264236904,20.0,6.544611190308866,3,5,0.029612756264236904,5.655893729027722,533,0.008416833667334669,0.008416833667334669,5.24309586953013,21,8.391276836395264
A3,200.0,3,12.063117327972629,0.02933496305350297,20.0,6.152850876393503,5,5,0.02933496305350297,5.642671573352826,528,0.006813627254509018,0.006813627254509018,5.13076506161026,17,6.222679615020752
A3,200.0,4,11.935283081863139,0.02816823156842047,20.0,5.86915381002259,1,5,0.02816823156842047,5.75742421562034,507,0.0052104208416833666,0.0052104208416833666,5.138030048540557,13,7.0519304275512695
A3,200.0,5,12.660736135946866,0.02977943219067726,20.0,5.91605546203122,3,5,0.02977943219067726,5.8610530214930066,536,0.006412825651302605,0.006412825651302605,4.991676268217899,16,7.866275310516357
A3,200.0,6,12.271083534867085,0.028668259347741542,20.0,7.058936791039821,4,5,0.028668259347741542,5.845854444145235,516,0.010420841683366733,0.010420841683366733,5.368996726793391,26,6.617845058441162
A3,200.0,7,12.114216016449944,0.029057169842769043,20.0,6.119336761228833,1,5,0.029057169842769043,5.70944309164958,523,0.007214428857715431,0.007214428857715431,5.045870986359838,18,8.09964394569397
A3,200.0,8,12.036002721956207,0.02900161120062226,20.0,6.749153440756212,2,5,0.02900161120062226,5.679891226999479,522,0.0056112224448897794,0.0056112224448897794,5.78025853918525,14,6.262239456176758
A3,200.0,9,12.031487265193329,0.030112784043557977,20.0,6.26265069289356,4,5,0.030112784043557977,5.511732823880928,542,0.006412825651302605,0.006412825651302605,5.272584156751171,16,6.4142005443573
A3,500.0,0,12.49717657332644,0.028223790210567253,20.0,6.418815443964834,2,5,0.028223790210567253,6.027609024425163,508,0.008416833667334669,0.008416833667334669,5.156989279957386,21,6.317806005477905
A3,500.0,1,13.39525220092892,0.02950163897994333,20.0,6.887181457934903,0,5,0.02950163897994333,6.257878585127611,531,0.008016032064128256,0.008016032064128256,5.608089001985578,20,6.27585244178772
A3,500.0,2,13.246080573478554,0.029446080337796544,20.0,6.934643294622282,0,5,0.029446080337796544,6.1952297193077905,530,0.008416833667334669,0.008416833667334669,5.54908337713025,21,6.3056559562683105
A3,500.0,3,13.52450259878232,0.02933496305350297,20.0,6.311046850156524,0,5,0.02933496305350297,6.348152865672581,528,0.0052104208416833666,0.0052104208416833666,5.4962747441263975,13,6.2662622928619385
A3,500.0,4,13.284295638633342,0.028779376632035114,20.0,5.958266599727551,0,5,0.028779376632035114,6.324692682684112,518,0.0036072144288577155,0.0036072144288577155,5.433496983620303,9,6.329643249511719
A3,500.0,5,14.052693347593964,0.030335018612145118,20.0,6.027680613629545,1,5,0.030335018612145118,6.430694279264889,546,0.004809619238476954,0.004809619238476954,5.304224923045221,12,6.40185284614563
A3,500.0,6,13.592000333485771,0.028446024779154398,20.0,7.2595295152654815,0,5,0.028446024779154398,6.533079519996872,512,0.009218436873747494,0.009218436873747494,5.689905468849846,23,6.4166953563690186
A3,500.0,7,13.324204335168128,0.02939052169564976,20.0,6.267273486174853,0,5,0.02939052169564976,6.242092401199623,529,0.006012024048096192,0.006012024048096192,5.343847357986996,15,6.501415967941284
A3,500.0,8,13.018664730178507,0.028446024779154398,20.0,6.787284131399417,0,5,0.028446024779154398,6.249611194772479,512,0.004008016032064128,0.004008016032064128,6.062597364131099,10,6.737694978713989
A3,500.0,9,13.068481377962069,0.029446080337796544,20.0,6.321722616650846,0,5,0.029446080337796544,6.109663444984704,530,0.004809619238476954,0.004809619238476954,5.547369734718857,12,6.560035705566406
A3,1000.0,0,14.040921059247955,0.027557086504805824,20.0,6.815542072896681,0,5,0.027557086504805824,6.9159923273832264,496,0.008016032064128256,0.008016032064128256,5.540554471543925,20,6.371086835861206
A3,1000.0,1,15.04731860624005,0.02950163897994333,20.0,7.7632877527692,0,5,0.02950163897994333,7.054572903820111,531,0.008016032064128256,0.008016032064128256,6.331327617835413,20,6.363257884979248
A3,1000.0,2,14.588944850671588,0.028334907494860825,20.0,7.707856900185369,0,5,0.028334907494860825,7.047481692002559,510,0.009218436873747494,0.009218436873747494,6.022163588207275,23,6.387933969497681
A3,1000.0,3,15.592816382167939,0.029112728484915827,20.0,7.634832278021989,0,5,0.029112728484915827,7.393786558802877,524,0.008016032064128256,0.008016032064128256,6.21825070164265,20,6.37738037109375
A3,1000.0,4,14.755094232455683,0.0292238457692094,20.0,6.381964222766382,0,5,0.0292238457692094,6.964473258470911,526,0.0036072144288577155,0.0036072144288577155,5.825562834810869,9,6.479542255401611
A3,1000.0,5,15.112869206619235,0.029723873548530472,20.0,6.6104558208768776,0,5,0.029723873548530472,7.044694913132018,535,0.004408817635270541,0.004408817635270541,5.8650195832472365,11,6.3718342781066895
A3,1000.0,6,14.957597888523127,0.027890438357686537,20.0,7.752198401907646,0,5,0.027890438357686537,7.31613636145887,502,0.007615230460921844,0.007615230460921844,6.374986949533602,19,6.186712265014648
A3,1000.0,7,14.550235836488504,0.02894605255847547,20.0,6.673850932991175,0,5,0.02894605255847547,6.915555654055111,521,0.006012024048096192,0.006012024048096192,5.69143053498792,15,7.241342782974243
A3,1000.0,8,14.809960079954319,0.0288349352741819,20.0,7.4918806724844895,0,5,0.0288349352741819,7.063435530042753,519,0.004408817635270541,0.004408817635270541,6.6347062722711545,11,5.672811985015869
A3,1000.0,9,14.663946019902571,0.0288349352741819,20.0,7.020966114573456,0,5,0.0288349352741819,6.991738700799344,519,0.006412825651302605,0.006412825651302605,5.906049447842955,16,5.871532917022705
A3,2000.0,0,15.063600878089536,0.02689038279904439,20.0,8.097869666622838,0,5,0.02689038279904439,7.566195534321656,484,0.010821643286573146,0.010821643286573146,6.129935033681887,27,5.562873363494873
A3,2000.0,1,15.663688057639419,0.027779321073392968,20.0,9.853478421725978,0,5,0.027779321073392968,7.694122030223165,500,0.010420841683366733,0.010420841683366733,7.475746712125148,26,5.581170082092285
A3,2000.0,2,15.936928722887666,0.028057114284126897,20.0,9.015062185140327,0,5,0.028057114284126897,7.7751721132073355,505,0.008817635270541082,0.008817635270541082,7.162165950860664,22,5.5979695320129395
A3,2000.0,3,16.633158616832958,0.02894605255847547,20.0,8.374622206385151,0,5,0.02894605255847547,7.937135863948678,521,0.006813627254509018,0.006813627254509018,7.076304358242427,17,5.609189987182617
A3,2000.0,4,15.910185048506275,0.028334907494860825,20.0,7.568860877104508,0,5,0.028334907494860825,7.7051884090612734,510,0.0056112224448897794,0.0056112224448897794,6.539037536030935,14,5.926117181777954
A3,2000.0,5,16.10206535284913,0.028390466137007613,20.0,8.159056353445624,0,5,0.028390466137007613,7.7894406004705905,511,0.007214428857715431,0.007214428857715431,6.77363891379345,18,5.668247222900391
A3,2000.0,6,15.86712926148338,0.02694594144119118,20.0,8.899973848929177,0,5,0.02694594144119118,7.969611199284888,485,0.007615230460921844,0.007615230460921844,7.341040267581197,19,5.692734718322754
A3,2000.0,7,15.733079079088359,0.028057114284126897,20.0,7.548697960298261,0,5,0.028057114284126897,7.672867769878097,505,0.004809619238476954,0.004809619238476954,6.650400227604533,12,5.708733320236206
A3,2000.0,8,15.860767733900591,0.02800155564198011,20.0,8.493265942457226,0,5,0.02800155564198011,7.748268308654598,504,0.0052104208416833666,0.0052104208416833666,7.389502502131279,13,5.667743444442749
A3,2000.0,9,15.577662639516321,0.027612645146952608,20.0,7.782720254123729,0,5,0.027612645146952608,7.684302154560065,497,0.0056112224448897794,0.0056112224448897794,6.6729637489417515,14,5.629896402359009
