task,substrate,readout,forgetting,seed_idx,n_units,t_total,runtime_s,w_norm,pre_steady_acc,pre_stability_std,post_swap_acc,adapt_time_pulses,mean_acc_all,nmse_final30
drift_binary,parallel,offridge,nan,0,256,40000,3.1729366779327393,nan,0.98,0.008748027992067706,0.02,nan,0.5004213461973317,
drift_binary,parallel,offridge,nan,1,256,40000,3.320770740509033,nan,0.97,0.007648659604793516,0.02,nan,0.5004562699429662,
drift_binary,parallel,offridge,nan,8,256,40000,3.180718421936035,nan,0.985,0.005082026539678836,0.01,nan,0.49994660938167385,
drift_binary,parallel,offridge,nan,9,256,40000,3.243924617767334,nan,0.985,0.005815322433021239,0.02,nan,0.49930328383708955,
drift_binary,parallel,offridge,nan,6,256,40000,3.2422080039978027,nan,0.985,0.0038532453853861977,0.01,nan,0.49956759880405016,
drift_binary,parallel,offridge,nan,7,256,40000,3.327927350997925,nan,0.98,0.006518051856191393,0.03,nan,0.5000939674882541,
drift_binary,parallel,offridge,nan,4,256,40000,3.3467354774475098,nan,0.97,0.00793233729741746,0.03,nan,0.499828145021482,
drift_binary,parallel,offridge,nan,5,256,40000,3.3284406661987305,nan,0.97,0.005827563277219738,0.02,nan,0.499883168764604,
drift_binary,parallel,offridge,nan,2,256,40000,3.390798568725586,nan,0.98,0.007792464308548362,0.015,nan,0.4995090575613679,
drift_binary,parallel,offridge,nan,3,256,40000,3.371034622192383,nan,0.97,0.009575463108904976,0.02,nan,0.49887138514107693,
drift_binary,random_graph_k25,offridge,nan,0,256,40000,7.956593751907349,nan,1.0,0.0,0.0,nan,0.49992186125976734,
drift_binary,random_graph_k25,offridge,nan,1,256,40000,6.795909881591797,nan,1.0,0.0,0.0,nan,0.5013590110801236,
drift_binary,random_graph_k25,offridge,nan,2,256,40000,6.421493053436279,nan,1.0,0.0,0.0,nan,0.5,
drift_binary,random_graph_k25,offridge,nan,3,256,40000,7.663205146789551,nan,1.0,0.0,0.0,nan,0.5,
drift_binary,random_graph_k25,offridge,nan,8,256,40000,6.461881160736084,nan,1.0,0.0,0.0,nan,0.5,
drift_binary,random_graph_k25,offridge,nan,9,256,40000,7.68693470954895,nan,1.0,0.0,0.0,nan,0.5014921735634783,
drift_binary,random_graph_k25,offridge,nan,6,256,40000,7.5189385414123535,nan,1.0,0.0,0.0,nan,0.5,
drift_binary,random_graph_k25,offridge,nan,7,256,40000,7.09301233291626,nan,1.0,0.0,0.0,nan,0.4999969850003769,
drift_binary,random_graph_k25,offridge,nan,4,256,40000,7.661268472671509,nan,1.0,0.0,0.0,nan,0.5,
drift_binary,random_graph_k25,offridge,nan,5,256,40000,7.079340219497681,nan,1.0,0.0,0.0,nan,0.5,
narma10,parallel,offridge,nan,0,256,21000,1.7129359245300293,nan,,,,,,0.6430952795868308
narma10,parallel,offridge,nan,1,256,21000,1.874337911605835,nan,,,,,,0.6103969303932442
narma10,parallel,offridge,nan,2,256,21000,1.8543224334716797,nan,,,,,,0.5982377234321806
narma10,parallel,offridge,nan,3,256,21000,1.9172520637512207,nan,,,,,,0.6023728906547756
narma10,parallel,offridge,nan,4,256,21000,1.8806231021881104,nan,,,,,,nan
narma10,parallel,offridge,nan,5,256,21000,1.8939833641052246,nan,,,,,,0.5797010468207295
narma10,parallel,offridge,nan,6,256,21000,1.9507784843444824,nan,,,,,,0.6137326591919924
narma10,parallel,offridge,nan,7,256,21000,1.8425023555755615,nan,,,,,,nan
narma10,parallel,offridge,nan,8,256,21000,1.7332229614257812,nan,,,,,,nan
narma10,parallel,offridge,nan,9,256,21000,1.9853887557983398,nan,,,,,,nan
narma10,parallel,rls,0.999,8,256,21000,35.19833183288574,nan,,,,,,nan
narma10,parallel,rls,0.999,9,256,21000,36.741694927215576,nan,,,,,,nan
narma10,parallel,rls,0.999,4,256,21000,35.74899077415466,nan,,,,,,nan
narma10,parallel,rls,0.999,5,256,21000,37.21241617202759,104.82750211655826,,,,,,0.4932846246635167
narma10,parallel,rls,0.999,0,256,21000,31.129789352416992,88.4450519942512,,,,,,0.600546377830538
narma10,parallel,rls,0.999,1,256,21000,62.89666485786438,106.57844857923082,,,,,,0.5523413369568795
narma10,parallel,rls,0.999,2,256,21000,58.773016929626465,84.07103967193808,,,,,,0.5541839403976837
narma10,parallel,rls,0.999,3,256,21000,34.042062759399414,92.23600635268,,,,,,0.5301345461672929
narma10,parallel,rls,0.999,6,256,21000,55.358421087265015,193.97090595565385,,,,,,0.5616935749092108
narma10,parallel,rls,0.999,7,256,21000,46.44489073753357,nan,,,,,,nan
narma10,random_graph_k25,offridge,nan,0,256,21000,4.1084558963775635,nan,,,,,,0.43475965973204556
narma10,random_graph_k25,offridge,nan,1,256,21000,3.5550150871276855,nan,,,,,,0.380483838563272
drift_binary,parallel,rls,0.999,2,256,40000,71.3964216709137,552.6055363331283,0.985,0.004364344166080402,0.97,280.0,0.9823690359538706,
drift_binary,parallel,rls,0.999,3,256,40000,65.13701486587524,407.1042546584528,0.985,0.004802082881417193,0.98,902.0,0.9817160372854953,
narma10,random_graph_k25,offridge,nan,2,256,21000,3.655785083770752,nan,,,,,,0.39922139628858216
narma10,random_graph_k25,offridge,nan,3,256,21000,3.4926869869232178,nan,,,,,,0.4979927554217516
drift_binary,random_graph_k25,rls,0.999,4,256,40000,74.59665560722351,81.31552773484832,1.0,0.0,1.0,191.0,0.9926707871661516,
drift_binary,random_graph_k25,rls,0.999,5,256,40000,65.18614459037781,63.0801976622081,1.0,0.0,1.0,83.0,0.9921268309841461,
narma10,random_graph_k25,rls,0.999,0,256,21000,50.08046841621399,1.8257916793571183,,,,,,0.48544843088116696
narma10,random_graph_k25,rls,0.999,1,256,21000,50.079301595687866,1.620879468348158,,,,,,0.40724311705369504
narma10,random_graph_k25,offridge,nan,4,256,21000,3.643416166305542,nan,,,,,,nan
narma10,random_graph_k25,offridge,nan,5,256,21000,3.420302152633667,nan,,,,,,6.392266946281902
narma10,random_graph_k25,offridge,nan,6,256,21000,3.5772628784179688,nan,,,,,,0.807613507804793
narma10,random_graph_k25,offridge,nan,7,256,21000,3.577646493911743,nan,,,,,,nan
narma10,random_graph_k25,offridge,nan,8,256,21000,3.8101537227630615,nan,,,,,,nan
narma10,random_graph_k25,offridge,nan,9,256,21000,3.7865145206451416,nan,,,,,,nan
drift_binary,random_graph_k25,rls,0.999,2,256,40000,93.63417720794678,221.0549759900869,1.0,0.0,1.0,347.0,0.9673643878294517,
drift_binary,random_graph_k25,rls,0.999,3,256,40000,65.98057436943054,161.75374922961663,1.0,0.0,1.0,211.0,0.9738089495238813,
narma10,random_graph_k25,rls,0.999,2,256,21000,36.159717082977295,1.248132063478465,,,,,,0.41996330652450975
narma10,random_graph_k25,rls,0.999,3,256,21000,36.94314646720886,1.4573280564281186,,,,,,0.44800514227425137
mackey_glass,parallel,offridge,nan,0,256,21000,1.5978310108184814,nan,,,,,,0.31029759722348843
mackey_glass,parallel,offridge,nan,1,256,21000,1.501162052154541,nan,,,,,,0.30915772331913843
mackey_glass,parallel,offridge,nan,2,256,21000,1.3822948932647705,nan,,,,,,0.30881174783724247
mackey_glass,parallel,offridge,nan,3,256,21000,1.3931841850280762,nan,,,,,,0.30836107923588285
mackey_glass,parallel,offridge,nan,4,256,21000,1.441176176071167,nan,,,,,,0.3104911720679546
mackey_glass,parallel,offridge,nan,5,256,21000,1.3912570476531982,nan,,,,,,0.30895306380701615
drift_binary,random_graph_k25,rls,0.999,0,256,40000,107.74259877204895,366.3248293372929,1.0,0.0,1.0,168.0,0.9750051506243562,
drift_binary,random_graph_k25,rls,0.999,1,256,40000,68.62235045433044,332.5572047532233,1.0,0.0,1.0,212.0,0.9544216225722971,
mackey_glass,parallel,offridge,nan,6,256,21000,1.355764389038086,nan,,,,,,0.30526565476353923
mackey_glass,parallel,offridge,nan,7,256,21000,1.3895163536071777,nan,,,,,,0.3110963442108226
mackey_glass,parallel,offridge,nan,8,256,21000,1.408078908920288,nan,,,,,,0.30778698482905886
mackey_glass,parallel,offridge,nan,9,256,21000,1.3896369934082031,nan,,,,,,0.3085599588774509
narma10,random_graph_k25,rls,0.999,8,256,21000,33.431023359298706,nan,,,,,,nan
narma10,random_graph_k25,rls,0.999,9,256,21000,40.565306186676025,nan,,,,,,nan
drift_binary,random_graph_k25,rls,0.999,8,256,40000,85.75923991203308,81.12671294789605,1.0,0.0,1.0,209.0,0.9769851260018593,
drift_binary,random_graph_k25,rls,0.999,9,256,40000,99.7591609954834,342.6596739538801,1.0,0.0,1.0,386.0,0.9396733750408282,
drift_binary,parallel,rls,0.999,4,256,40000,68.24149298667908,506.24633914894264,0.985,0.003978379066906524,0.97,1362.0,0.9813463229567096,
drift_binary,parallel,rls,0.999,5,256,40000,121.3347008228302,463.6419091752126,0.985,0.0029342801502242446,0.97,382.0,0.9825823471772065,
drift_binary,parallel,rls,0.999,6,256,40000,94.53520464897156,342.3386007006001,0.985,0.0038532453853861977,0.98,242.0,0.9823314740835658,
drift_binary,parallel,rls,0.999,7,256,40000,99.36551094055176,384.7637652681968,0.99,0.0032752862470324666,0.97,224.0,0.9811122836109646,
narma10,random_graph_k25,rls,0.999,4,256,21000,38.41728758811951,nan,,,,,,nan
narma10,random_graph_k25,rls,0.999,5,256,21000,64.84536099433899,1.6809475435438734,,,,,,0.4155524314267694
drift_binary,parallel,rls,0.999,8,256,40000,88.90754914283752,475.1750011287001,0.99,0.0033656351555092865,0.98,983.0,0.9822381347202332,
drift_binary,parallel,rls,0.999,9,256,40000,110.32096242904663,624.9219796549887,0.99,0.005140768425050874,0.97,541.0,0.9818264616466924,
mackey_glass,random_graph_k25,offridge,nan,0,256,21000,3.734440565109253,nan,,,,,,0.01635007693994746
mackey_glass,random_graph_k25,offridge,nan,1,256,21000,3.3949012756347656,nan,,,,,,0.013829152158568786
mackey_glass,random_graph_k25,offridge,nan,2,256,21000,3.8788559436798096,nan,,,,,,0.012331358088293573
mackey_glass,random_graph_k25,offridge,nan,3,256,21000,3.5858066082000732,nan,,,,,,0.014877379250048497
mackey_glass,random_graph_k25,offridge,nan,4,256,21000,3.3789732456207275,nan,,,,,,0.012963181448155132
mackey_glass,random_graph_k25,offridge,nan,5,256,21000,3.5321178436279297,nan,,,,,,0.013565420994383652
narma10,random_graph_k25,rls,0.999,6,256,21000,45.62632656097412,1.681145945619042,,,,,,0.41036009805901086
narma10,random_graph_k25,rls,0.999,7,256,21000,59.95260167121887,nan,,,,,,nan
mackey_glass,random_graph_k25,offridge,nan,6,256,21000,3.5821943283081055,nan,,,,,,0.013152934307406702
mackey_glass,random_graph_k25,offridge,nan,7,256,21000,3.753554344177246,nan,,,,,,0.013970720209793994
mackey_glass,parallel,rls,0.999,0,256,21000,37.11325979232788,1480.8703512169238,,,,,,0.09155363092015617
mackey_glass,parallel,rls,0.999,1,256,21000,31.47797441482544,1185.6768304656764,,,,,,0.08905583891421813
mackey_glass,random_graph_k25,offridge,nan,8,256,21000,3.741239309310913,nan,,,,,,0.013104462631532714
mackey_glass,random_graph_k25,offridge,nan,9,256,21000,3.378833055496216,nan,,,,,,0.01188817048939777
drift_binary,random_graph_k25,rls,0.999,6,256,40000,124.29289555549622,117.06490484723507,1.0,0.0,1.0,301.0,0.9716868922891385,
drift_binary,random_graph_k25,rls,0.999,7,256,40000,90.49742841720581,34.7821073023293,1.0,0.0,1.0,144.0,0.9959036205120474,
mackey_glass,parallel,rls,0.999,6,256,21000,36.79125905036926,570.3750398490334,,,,,,0.08853876460949343
mackey_glass,parallel,rls,0.999,7,256,21000,32.833603858947754,1786.9552294457903,,,,,,0.09768703685560023
drift_binary,parallel,rls,0.999,0,256,40000,107.04358148574829,439.0852078214871,0.99,0.004387197283004268,0.98,1002.0,0.9811959498505063,
drift_binary,parallel,rls,0.999,1,256,40000,110.588876247406,548.7969928967549,0.985,0.0038402473878644885,0.975,241.0,0.9824241853219767,
mackey_glass,parallel,rls,0.999,8,256,21000,35.1420476436615,764.894218762077,,,,,,0.08745069103926617
mackey_glass,parallel,rls,0.999,9,256,21000,30.03915810585022,1151.9513190501382,,,,,,0.08859970907014758
mackey_glass,parallel,rls,0.999,2,256,21000,43.1119065284729,1027.555112549161,,,,,,0.0898193377135067
mackey_glass,parallel,rls,0.999,3,256,21000,41.1434760093689,916.5074441418118,,,,,,0.08835048700989134
mackey_glass,parallel,rls,0.999,4,256,21000,55.44969177246094,1577.4080580180866,,,,,,0.0938540708780104
mackey_glass,parallel,rls,0.999,5,256,21000,32.30779218673706,1140.3134503342465,,,,,,0.08855555397209182
mackey_glass,random_graph_k25,rls,0.999,2,256,21000,31.801048278808594,19.82834255512578,,,,,,0.002025750945328426
mackey_glass,random_graph_k25,rls,0.999,3,256,21000,22.45939540863037,19.537050610762776,,,,,,0.0013263447161564628
mackey_glass,random_graph_k25,rls,0.999,0,256,21000,41.35288333892822,23.914543657899408,,,,,,0.0015626956445866209
mackey_glass,random_graph_k25,rls,0.999,1,256,21000,19.04610514640808,19.27765305823054,,,,,,0.002000688467912576
mackey_glass,random_graph_k25,rls,0.999,4,256,21000,39.254295349121094,21.885334297085837,,,,,,0.0015723065889852608
mackey_glass,random_graph_k25,rls,0.999,5,256,21000,17.763245582580566,17.548176951236275,,,,,,0.0017208544663327545
mackey_glass,random_graph_k25,rls,0.999,6,256,21000,34.49541211128235,19.20424237418031,,,,,,0.002624979943808893
mackey_glass,random_graph_k25,rls,0.999,7,256,21000,18.894484043121338,18.431065050178205,,,,,,0.0019175321667830232
mackey_glass,random_graph_k25,rls,0.999,8,256,21000,33.532644748687744,17.44801545718053,,,,,,0.001874526204574578
mackey_glass,random_graph_k25,rls,0.999,9,256,21000,17.131784439086914,15.614257926954894,,,,,,0.0015015035486593668
