arm,leak_frac,leak_k,leak_frac_plasticity,seed_idx,r0_nmse,r1_nmse,r2_nmse,r3_nmse,r1_kappa,r2_kappa,r3_kappa,r0_mc,r1_mc,r2_mc,r3_mc,n_edges,runtime_s
leak_ftle,0.1,50,0.1,3,0.06641231626130811,0.034906826554939346,0.023809070875353347,0.08218416052518213,25.62813564852435,26.32272136299333,27.177007535888833,11.014032449545763,5.842282396839186,6.149040232435269,6.680271254267955,1062,572.8751811981201
leak_ftle,0.01,50,0.1,1,0.07271963936947325,0.020947113004987222,0.029247039720047278,0.06240156154183637,25.476409998301296,26.456457373106144,27.437475598896775,11.279011518192528,5.641910673580528,5.827252003402969,6.9736293119612425,1062,724.1318109035492
leak_ftle,0.01,50,0.1,3,0.06638802534779495,0.019260291709125077,0.019326804042942406,0.05990231186813276,25.731443455941424,26.42210699727848,27.183092374772986,11.014032449545763,6.045003848105543,6.568631834694575,6.762995174966565,1062,710.6826746463776
leak_ftle,0.01,50,0.1,0,0.08933008239228382,0.01692640726998061,0.03156237862914673,0.057194997758566166,25.484801263920353,26.228097607603942,27.138542285897508,10.015411149960917,5.6155989812945455,6.006647027134371,7.059296978678194,1062,726.1045470237732
leak_ftle,0.01,50,0.1,4,0.09261491934856934,0.027358876940781113,0.028906021565207003,0.06348593441488826,25.675720051243474,26.34913091513129,26.965983183300967,11.385030386367657,5.376502934378862,5.826800307299728,6.3912441697547715,1062,695.1759917736053
leak_ftle,0.01,50,0.1,5,0.08142728413275473,0.038267771270520154,0.02053532917167443,0.05316235831083299,25.455609493044342,26.055388930223355,26.881816396477117,11.338746487297865,5.719476177898416,5.2543239171542595,6.375058099228732,1062,690.5586128234863
leak_ftle,0.01,50,0.1,7,0.09020999263881167,0.024100218061294223,0.021309517784698574,0.0813406013175055,25.71778081987507,26.556559003875698,27.42523547986349,11.011729164930104,3.6137991775678766,6.20814211574397,6.026674201756898,1062,679.3447897434235
leak_ftle,0.01,50,0.1,6,0.0933595141931648,0.028333241265687675,0.020737131734480184,0.06972456890745295,25.342354129015526,26.012688502025682,26.915621443844312,11.731134407901376,5.854905061110245,5.67937580639273,6.369461502776185,1062,679.9101800918579
leak_ftle,0.01,50,0.1,2,0.09016616496211612,0.021821051676280012,0.01983504816518883,0.064005701968952,25.808812738654073,26.413942237887486,27.394679839659542,2.0036963021985708,5.988035519655811,6.203911829666875,6.491884136544422,1062,720.2014918327332
leak_ftle,0.1,50,0.1,1,0.07272468723753514,0.01823629861224641,0.02360068131048283,0.06582165727652994,25.413973949047907,26.07579826081482,26.871800479124747,11.279011518192528,5.74911745503434,5.662148731096078,5.968208305875387,1062,617.2163689136505
leak_ftle,0.01,50,0.1,8,0.08919618458263272,0.021078947310499543,0.021866553407151382,0.07271102054021422,25.44257051852272,26.215484443801547,26.90327206898849,10.841818126655863,5.491256153792184,6.010866765914121,6.4272784270002585,1062,641.6436395645142
leak_ftle,0.1,50,0.1,0,0.08965277681057786,0.017548069829423998,0.0246348537010486,0.07644774463828909,25.574175485471706,26.27391668126836,27.22452043971145,10.015411149960917,4.878535927401791,5.623682036413344,6.979763409876907,1062,629.0522847175598
leak_ftle,0.01,50,0.1,9,0.07983579886254263,0.026175606324885334,0.022603378917568348,0.03296040019246328,25.458737428244607,26.070611681097322,26.981662545185756,11.276506299467771,5.530726923687094,5.962747273603013,5.611092436947098,1062,633.1889991760254
leak_ftle,0.1,50,0.1,5,0.08284982481318859,0.03292057959470921,0.016868898695438356,0.04813288031606316,25.24066445431508,26.041909776495217,26.91098457317875,11.338746487297865,5.861220599865677,6.739009785002095,7.121104540728546,1062,601.0069868564606
leak_ftle,0.1,50,0.1,4,0.092627125277615,0.02544764541721769,0.032101750531116975,0.057201221486207585,25.682359207352206,26.43873251965453,27.283702984150004,11.385030386367657,5.7863883807827445,6.149258998670186,6.493246907250961,1062,601.1620717048645
leak_ftle,0.1,50,0.1,2,0.09070581560270377,0.014855033127537312,0.025486860778274358,0.053771850015525334,25.51048074266575,26.173082355034893,26.96421142152114,2.0036963021985708,5.332476941292827,6.212762376202428,6.441773764125074,1062,608.9305078983307
leak_ftle,0.1,50,0.1,8,0.08920229376757027,0.01844356924697186,0.027275668472279063,0.05901149203324465,25.344461135023547,25.95885146425072,26.70880603019442,10.841818126655863,5.405418829844608,3.6499556692005974,6.498743826715849,1062,194.08808016777039
leak_ftle,0.1,200,0.1,3,0.06641231626130811,0.034906826554939346,0.023809070875353347,0.08218416052518213,25.62813564852435,26.32272136299333,27.177007535888833,11.014032449545763,5.842282396839186,6.149040232435269,6.680271254267955,1062,250.3829071521759
leak_ftle,0.1,200,0.1,5,0.08284982481318859,0.03292057959470921,0.016868898695438356,0.04813288031606316,25.24066445431508,26.041909776495217,26.91098457317875,11.338746487297865,5.861220599865677,6.739009785002095,7.121104540728546,1062,250.71557784080505
leak_ftle,0.1,50,0.1,6,0.09248821521936143,0.02804009732248595,0.02188972781240018,0.056730116389999447,25.627895340211005,26.465266426214647,27.098271406759824,11.731134407901376,6.042382579482192,4.287359554055056,6.767589756521206,1062,385.3099045753479
leak_ftle,0.1,200,0.1,9,0.07793331080742802,0.020816061441732564,0.01978240402871909,0.03134419803639831,25.471465229100577,26.040399850938105,26.88385800011147,11.276506299467771,5.353874752244482,5.79685802547301,5.460421164478774,1062,369.3535497188568
leak_ftle,0.1,200,0.1,2,0.09070581560270377,0.014855033127537312,0.025486860778274358,0.053771850015525334,25.51048074266575,26.173082355034893,26.96421142152114,2.0036963021985708,5.332476941292827,6.212762376202428,6.441773764125074,1062,390.80121421813965
leak_ftle,0.1,200,0.1,6,0.09248821521936143,0.02804009732248595,0.02188972781240018,0.056730116389999447,25.627895340211005,26.465266426214647,27.098271406759824,11.731134407901376,6.042382579482192,4.287359554055056,6.767589756521206,1062,390.8242642879486
leak_plasticity,0.01,50,0.1,1,0.09182614115526581,0.020198041521633025,0.026233941795463442,0.04998242733381854,25.40434901812707,26.340271938486985,27.2528271113738,11.279011518192528,3.932920483918645,6.120822204580996,6.53924209334879,1062,403.0919044017792
leak_ftle,0.1,200,0.1,1,0.07272468723753514,0.01823629861224641,0.02360068131048283,0.06582165727652994,25.413973949047907,26.07579826081482,26.871800479124747,11.279011518192528,5.74911745503434,5.662148731096078,5.968208305875387,1062,476.78016924858093
leak_ftle,0.1,50,0.1,7,0.09025155671699481,0.02462613883660686,0.03237586288702003,0.06316228936164915,25.627373169293666,26.42598166603115,27.189791214640348,11.011729164930104,5.426823048671062,5.7749766002473875,5.361664143068607,1062,487.5365242958069
leak_ftle,0.1,200,0.1,0,0.08965277681057786,0.017548069829423998,0.0246348537010486,0.07644774463828909,25.574175485471706,26.27391668126836,27.22452043971145,10.015411149960917,4.878535927401791,5.623682036413344,6.979763409876907,1062,496.5405478477478
leak_ftle,0.1,50,0.1,9,0.07793331080742802,0.020816061441732564,0.01978240402871909,0.03134419803639831,25.471465229100577,26.040399850938105,26.88385800011147,11.276506299467771,5.353874752244482,5.79685802547301,5.460421164478774,1062,496.81642055511475
leak_ftle,0.1,200,0.1,4,0.092627125277615,0.02544764541721769,0.032101750531116975,0.057201221486207585,25.682359207352206,26.43873251965453,27.283702984150004,11.385030386367657,5.7863883807827445,6.149258998670186,6.493246907250961,1062,510.5632255077362
leak_ftle,0.1,200,0.1,8,0.08920229376757027,0.01844356924697186,0.027275668472279063,0.05901149203324465,25.344461135023547,25.95885146425072,26.70880603019442,10.841818126655863,5.405418829844608,3.6499556692005974,6.498743826715849,1062,526.5455596446991
leak_ftle,0.1,200,0.1,7,0.09025155671699481,0.02462613883660686,0.03237586288702003,0.06316228936164915,25.627373169293666,26.42598166603115,27.189791214640348,11.011729164930104,5.426823048671062,5.7749766002473875,5.361664143068607,1062,527.7555000782013
leak_plasticity,0.01,50,0.1,0,0.08992409367547326,0.024479184985925106,0.020946205111425423,0.07939287056509699,25.716658450576176,26.367359258799222,27.00245002069659,10.015411149960917,5.649020988067081,5.765291370793507,6.3945753268911165,1062,553.0331172943115
leak_plasticity,0.01,50,0.1,3,0.06562131364466862,0.02051410520627702,0.040923718248186594,0.0638504323268038,25.638421592531188,26.416011822717227,27.05887376738568,11.014032449545763,5.566608735338077,6.515671447345109,6.633910005374142,1062,637.9367535114288
leak_plasticity,0.01,50,0.1,4,0.09368944448664017,0.016896098340454347,0.028719423601701082,0.07535873882633942,25.523293153459583,26.298786091846765,27.121388280637717,11.385030386367657,5.00094418412542,5.7320987811666155,6.622482357865449,1062,640.9029748439789
leak_plasticity,0.01,50,0.1,2,0.08940500532013795,0.025732156887919876,0.019842948789694236,0.04710193254319599,25.34846829783516,26.29568600665026,27.0085790421711,2.0036963021985708,5.407359511216872,6.197637674243358,6.79364770508879,1062,705.5573651790619
leak_plasticity,0.01,50,0.1,5,0.0827172175627759,0.02220973307456961,0.019632649392149912,0.049455750467715366,25.557941714712847,26.30326786316421,27.053195921617995,11.338746487297865,5.876662341355434,6.879525856847215,5.048364176934526,1062,545.0391008853912
leak_plasticity,0.01,50,0.1,7,0.09156609247621679,0.024198452496676022,0.02683675765912892,0.056741765728287694,25.585269225745336,26.402772378096763,27.237089857595294,11.011729164930104,5.4809426084292685,6.150443558536157,7.022057028925052,1062,515.0621519088745
leak_plasticity,0.01,50,0.1,6,0.09498445140499072,0.014882580298415016,0.021738041400920408,0.0671718805979334,25.593025209792366,26.217965105357326,27.17001694843275,11.731134407901376,6.273658397969057,6.161110159259066,7.002250992010377,1062,537.6797077655792
leak_plasticity,0.01,50,0.1,8,0.09035686252292542,0.030636055257266905,0.02466561265170584,0.04645828146566621,25.385299541577464,26.042834699540265,26.800596522175645,10.841818126655863,5.580153520473877,5.541536368240931,5.452249954494525,1062,524.8640131950378
leak_plasticity,0.01,50,0.3,1,0.08420531565184088,0.026759795617023303,0.03159574481347716,0.08325938326495719,25.565690061693527,26.13328808452082,26.820560030048593,11.279011518192528,6.008716410059347,6.15592436901675,7.061437767976052,1062,435.1865117549896
leak_plasticity,0.01,50,0.3,4,0.09992789090925779,0.019235347873911655,0.03747712133059333,0.046330562513820256,25.76107215123581,26.632870200751377,27.67354663425696,11.385030386367657,5.797932715998391,6.106728078053908,7.174074963067139,1062,413.24897146224976
leak_plasticity,0.01,50,0.1,9,0.07371315063718108,0.022595187992729606,0.026120191433062323,0.06462332992697864,25.5575634574021,26.354135871490104,27.075092092528813,11.276506299467771,5.462533920797949,6.401542616067522,6.592658874114688,1062,520.6777009963989
leak_plasticity,0.01,50,0.3,3,0.07045619430361345,0.018916062251649424,0.023371907153350652,0.07597702378465228,25.48604668390872,26.23806927675249,26.933422918563487,11.014032449545763,4.379397145263973,6.004609733292583,6.838887700505835,1062,438.74464869499207
leak_plasticity,0.01,50,0.3,2,0.0938335989457308,0.020287352307460968,0.021344935638586516,0.052581455850130784,25.2423257429183,26.153505429261227,27.197394750408964,2.0036963021985708,5.6590251171871175,3.0243338058245053,7.2837457828988,1062,439.3260691165924
leak_plasticity,0.01,50,0.3,0,0.09427023449154434,0.022130537086615835,0.027679729084916543,0.0528561252888893,25.68250130647876,26.3219243572016,26.94525107469397,10.015411149960917,5.74222592526963,5.760265095304906,6.5096274108593555,1062,459.47785806655884
leak_plasticity,0.01,50,0.3,6,0.09798223577648474,0.019823679142120916,0.02314292472791052,0.08604933467664279,25.382499021003856,25.868872980023074,26.74765106027583,11.731134407901376,5.6878774728737,5.679486951178425,6.717787217811836,1062,409.49025893211365
leak_plasticity,0.01,50,0.3,5,0.07741317926227377,0.018917921475009796,0.01987872692324179,0.060104630806645847,25.249230662488543,25.830327113990787,26.59129550113271,11.338746487297865,5.651537544373904,6.342471788163036,7.240432473851236,1062,411.71925497055054
leak_plasticity,0.01,50,0.3,7,0.09258200173803234,0.031337041449790014,0.019913215332530612,0.06452583586712021,25.833985844431822,26.473203761904557,27.107362802818166,11.011729164930104,6.17439857218379,5.85155300460896,6.349232563396748,1062,386.56583619117737
leak_plasticity,0.01,50,0.3,8,0.0830552458598151,0.022466241023992615,0.025126161297786512,0.054096769303370075,25.430710467008453,26.13010208924301,27.015763859174363,10.841818126655863,5.285574575321891,5.784994434666589,6.057624677601351,1062,115.12229490280151
leak_plasticity,0.01,50,0.3,9,0.06953873752897187,0.022933845680968363,0.021312330200242816,0.03284220706130607,25.699859055458106,26.49020955235422,27.320425600089866,11.276506299467771,5.76899683389323,6.537761703079404,6.1428127628755504,1062,112.47754073143005
leak_plasticity,0.01,50,0.5,0,0.09848447085190638,0.01748698198273312,0.02949852526492292,0.0845258001199043,25.606183204663537,26.56711822386215,27.400181780823264,10.015411149960917,5.4923667143114665,6.34881643747159,6.136859036828252,1062,110.93168139457703
leak_plasticity,0.01,50,0.5,1,0.08621395707034955,0.02510076123899931,0.03268884079631531,0.080756476095203,25.352867979835136,25.88233525883972,26.447290622218997,11.279011518192528,5.58583936438144,5.927165249298365,5.985040010396269,1062,108.33357739448547
leak_plasticity,0.01,50,0.5,3,0.0736103756931432,0.021416189312354957,0.021872073625487074,0.06031897479335338,25.572345079059456,26.375532424463394,26.93677359957572,11.014032449545763,5.352671338739843,6.217290027712707,6.677192077732761,1062,98.52396607398987
leak_plasticity,0.01,50,0.5,2,0.08844823922383403,0.019424449295263713,0.02195269979324542,0.06733977821286903,25.342716488185747,26.117578213107123,26.975674577911704,2.0036963021985708,5.499545407628478,6.272324533959333,6.208287783289544,1062,100.46038842201233
leak_plasticity,0.01,50,0.5,4,0.0978201007833088,0.026012494865862594,0.03451192733265913,0.0639279056798713,25.461562108591394,26.116351783506765,26.975534321974663,11.385030386367657,4.9981345953862135,5.819903397245574,6.8588121645120035,1062,91.59621691703796
leak_plasticity,0.01,50,0.5,5,0.07924155653428529,0.020131942993366108,0.018353860362561966,0.05863690513098702,25.557999954729492,26.19403253693334,26.87795748053241,11.338746487297865,5.4628122883878785,6.192962401891787,2.73251269496774,1062,91.97117924690247
leak_plasticity,0.01,50,0.5,6,0.09518153634124832,0.017470099566958962,0.02400077456558257,0.07205988675717838,25.47600748621485,26.09030850263439,27.01186406761762,11.731134407901376,5.81896581441196,5.36027360827763,6.533531776576799,1062,88.38286805152893
leak_plasticity,0.01,50,0.5,7,0.09224370446864401,0.021078317266403038,0.02537410695836149,0.07131380499975401,25.446677472713347,25.934492529090612,26.74024993268714,11.011729164930104,4.981495389921107,5.483257414774905,5.835945820742988,1062,84.15886187553406
leak_plasticity,0.01,50,0.5,9,0.06565123576400989,0.023318375231363233,0.016965982864743094,0.039623658270432516,25.632471598534647,26.336040543331666,27.16092976586637,11.276506299467771,5.479512372694191,6.214739926329893,6.43528778588155,1062,78.7277319431305
leak_plasticity,0.01,50,0.5,8,0.08225237869595378,0.022860667251563098,0.022078484780132884,0.05724436261072842,25.438559312729883,26.047894881600293,26.850695017582357,10.841818126655863,5.878173020605949,5.776045228370531,6.61204146269113,1062,79.49932169914246
