task,substrate,readout,seed_idx,n_units,t_total,runtime_s,pre_steady_acc,post_swap_acc,mean_acc_all,nmse_final30
drift_binary,parallel,rmhl,0,256,40000,15.97301697731018,0.9,0.08,0.49832504208436973,
drift_binary,parallel,rmhl,1,256,40000,14.379157543182373,0.885,0.095,0.5240653501168312,
drift_binary,parallel,rmhl,2,256,40000,19.501081943511963,0.88,0.11,0.5019728147533982,
drift_binary,parallel,rmhl,3,256,40000,13.44928789138794,0.87,0.105,0.5260926861134142,
drift_binary,parallel,rmhl,4,256,40000,19.276948928833008,0.885,0.115,0.4976346071706741,
drift_binary,parallel,rmhl,5,256,40000,13.916185140609741,0.895,0.105,0.4984740333157458,
drift_binary,parallel,rmhl,6,256,40000,19.97235941886902,0.88,0.1,0.49968166628979177,
drift_binary,parallel,rmhl,7,256,40000,13.330702066421509,0.9,0.115,0.5026258134217733,
drift_binary,parallel,lms,0,256,40000,19.567622184753418,0.96,0.905,0.9042547925931508,
drift_binary,parallel,lms,1,256,40000,12.365450382232666,0.95,0.88,0.9083314489585689,
drift_binary,parallel,lms,2,256,40000,19.83973264694214,0.955,0.9,0.9055006155624229,
drift_binary,parallel,lms,3,256,40000,12.658886909484863,0.945,0.885,0.893479560815055,
drift_binary,parallel,lms,4,256,40000,20.263133764266968,0.96,0.88,0.9118106328986708,
drift_binary,parallel,lms,5,256,40000,12.019738912582397,0.955,0.855,0.9090482651189669,
drift_binary,parallel,lms,6,256,40000,19.986765384674072,0.95,0.9,0.9078126177734227,
drift_binary,parallel,lms,7,256,40000,11.732741594314575,0.955,0.865,0.9062379085952615,
drift_binary,parallel,rmhl,8,256,40000,20.58756947517395,0.915,0.085,0.5204351649456044,
drift_binary,parallel,rmhl,9,256,40000,12.712138891220093,0.92,0.115,0.5168796010150499,
drift_binary,parallel,lms,8,256,40000,20.40687608718872,0.965,0.905,0.9180089696238789,
drift_binary,parallel,lms,9,256,40000,12.08765983581543,0.97,0.885,0.9200948468631439,
drift_binary,parallel,rls_sparse,0,256,40000,28.09845542907715,0.98,0.96,0.9557401824074773,
drift_binary,parallel,rls_sparse,1,256,40000,30.70105266571045,0.97,0.95,0.9576496821687898,
drift_binary,parallel,rls_sparse,4,256,40000,28.49745464324951,0.97,0.95,0.9572285872214266,
drift_binary,parallel,rls_sparse,5,256,40000,30.299980640411377,0.97,0.945,0.9582357227205346,
drift_binary,parallel,rls_sparse,2,256,40000,28.514580011367798,0.97,0.95,0.9596088037988995,
drift_binary,parallel,rls_sparse,3,256,40000,30.468712091445923,0.97,0.955,0.955903369262079,
drift_binary,parallel,rls_sparse,8,256,40000,28.376131057739258,0.98,0.955,0.9583989095751363,
drift_binary,parallel,rls_sparse,9,256,40000,31.256264209747314,0.98,0.955,0.9588887213889097,
drift_binary,parallel,rls_sparse,6,256,40000,29.57728672027588,0.97,0.95,0.9582332102208487,
drift_binary,parallel,rls_sparse,7,256,40000,32.77865123748779,0.98,0.94,0.9563828798271399,
drift_binary,random_graph_k25,rmhl,0,256,40000,47.00317645072937,0.945,0.04,0.49432062008492256,
drift_binary,random_graph_k25,rmhl,1,256,40000,40.89908742904663,0.93,0.055,0.529558679430165,
drift_binary,random_graph_k25,rmhl,4,256,40000,47.588669776916504,0.93,0.07,0.4995722469284691,
drift_binary,random_graph_k25,rmhl,5,256,40000,40.50108218193054,0.93,0.075,0.49869299766337527,
drift_binary,random_graph_k25,rmhl,6,256,40000,48.055148124694824,0.93,0.055,0.4996409637948795,
drift_binary,random_graph_k25,rmhl,7,256,40000,41.68182873725891,0.945,0.07,0.500190824351147,
drift_binary,random_graph_k25,rmhl,2,256,40000,48.61980485916138,0.93,0.0675,0.5020921584884801,
drift_binary,random_graph_k25,rmhl,3,256,40000,41.23640418052673,0.93,0.055,0.5225145096856862,
drift_binary,random_graph_k25,lms,0,256,40000,47.9218430519104,0.965,0.94,0.9183112233360972,
drift_binary,random_graph_k25,lms,1,256,40000,41.04850649833679,0.96,0.94,0.9293946132006733,
drift_binary,random_graph_k25,rmhl,8,256,40000,48.13186764717102,0.945,0.055,0.5225226753096656,
drift_binary,random_graph_k25,rmhl,9,256,40000,41.653013706207275,0.95,0.07,0.520260671842416,
drift_binary,random_graph_k25,lms,2,256,40000,44.32891774177551,0.96,0.92,0.92122032109746,
drift_binary,random_graph_k25,lms,3,256,40000,40.2445764541626,0.96,0.935,0.9186324464209443,
drift_binary,random_graph_k25,lms,4,256,40000,44.660383462905884,0.955,0.93,0.9286316926710384,
drift_binary,random_graph_k25,lms,5,256,40000,40.13675308227539,0.97,0.91,0.9252950930881135,
drift_binary,random_graph_k25,lms,6,256,40000,44.19509935379028,0.945,0.95,0.9373891359513581,
drift_binary,random_graph_k25,lms,7,256,40000,40.63414192199707,0.965,0.915,0.9264606416924197,
drift_binary,random_graph_k25,lms,8,256,40000,44.30311322212219,0.97,0.945,0.9349236200095477,
drift_binary,random_graph_k25,lms,9,256,40000,41.189353704452515,0.975,0.9,0.9249232431345945,
narma10,parallel,lms,0,256,21000,10.920464277267456,,,,1.051309097019774
narma10,parallel,lms,1,256,21000,10.21256709098816,,,,1.0495735013246286
drift_binary,random_graph_k25,rls_sparse,0,256,40000,54.471489667892456,0.99,0.945,0.9612651692168539,
drift_binary,random_graph_k25,rls_sparse,1,256,40000,53.69953179359436,0.985,0.93,0.9622226828471647,
narma10,parallel,lms,2,256,21000,9.75456428527832,,,,1.1972870956057458
narma10,parallel,lms,3,256,21000,9.223072052001953,,,,1.2476322244269678
narma10,parallel,lms,4,256,21000,9.752880811691284,,,,nan
narma10,parallel,lms,5,256,21000,8.878275156021118,,,,0.898866376255605
narma10,parallel,lms,6,256,21000,8.73652458190918,,,,4.698307780038235
narma10,parallel,lms,7,256,21000,7.3794214725494385,,,,nan
narma10,parallel,lms,8,256,21000,7.439541816711426,,,,nan
narma10,parallel,lms,9,256,21000,9.919561862945557,,,,nan
drift_binary,random_graph_k25,rls_sparse,2,256,40000,54.32587003707886,0.985,0.93,0.9670838672395166,
drift_binary,random_graph_k25,rls_sparse,3,256,40000,47.81071329116821,0.985,0.93,0.964177784477777,
drift_binary,random_graph_k25,rls_sparse,4,256,40000,53.90806221961975,0.985,0.935,0.9687495289063088,
drift_binary,random_graph_k25,rls_sparse,5,256,40000,48.248467206954956,0.985,0.92,0.9682513002185874,
drift_binary,random_graph_k25,rls_sparse,8,256,40000,53.57768511772156,0.99,0.94,0.9649677143790357,
drift_binary,random_graph_k25,rls_sparse,9,256,40000,46.89373326301575,0.99,0.94,0.9304747368156578,
drift_binary,random_graph_k25,rls_sparse,6,256,40000,54.976919651031494,0.985,0.93,0.9661821311022336,
drift_binary,random_graph_k25,rls_sparse,7,256,40000,45.67594337463379,0.99,0.915,0.9585829501771311,
narma10,random_graph_k25,lms,0,256,21000,20.75998544692993,,,,1.7194030340603477
narma10,random_graph_k25,lms,1,256,21000,21.501538515090942,,,,1.7228039979195175
narma10,random_graph_k25,lms,2,256,21000,22.174189805984497,,,,1.650813851389456
narma10,random_graph_k25,lms,3,256,21000,29.846997499465942,,,,1.0892799086362466
narma10,random_graph_k25,lms,4,256,21000,21.045345783233643,,,,nan
narma10,random_graph_k25,lms,5,256,21000,22.00313663482666,,,,1.1983450181742985
narma10,random_graph_k25,lms,6,256,21000,22.537614345550537,,,,1.6082152070774343
narma10,random_graph_k25,lms,7,256,21000,23.127257347106934,,,,nan
narma10,random_graph_k25,lms,8,256,21000,23.084325313568115,,,,nan
narma10,random_graph_k25,lms,9,256,21000,24.520841121673584,,,,nan
narma10,parallel,rls_dense,0,256,21000,167.57855033874512,,,,0.6008439711503828
narma10,parallel,rls_dense,1,256,21000,253.799409866333,,,,0.5527276252065749
narma10,parallel,rls_dense,2,256,21000,169.0257375240326,,,,0.5543885667932623
narma10,parallel,rls_dense,3,256,21000,260.15491366386414,,,,0.5300189267923585
narma10,parallel,rls_dense,6,256,21000,167.29051184654236,,,,0.5622315273188409
narma10,parallel,rls_dense,7,256,21000,265.4829933643341,,,,nan
narma10,parallel,rls_dense,4,256,21000,166.2512981891632,,,,nan
narma10,parallel,rls_dense,5,256,21000,267.7640883922577,,,,0.4934184130118341
narma10,parallel,rls_dense,8,256,21000,169.1314082145691,,,,nan
narma10,parallel,rls_dense,9,256,21000,269.97191619873047,,,,nan
mackey_glass,parallel,lms,0,256,21000,14.569318532943726,,,,0.8278723735262667
mackey_glass,parallel,lms,1,256,21000,16.306396007537842,,,,0.8293717594764681
mackey_glass,parallel,lms,2,256,21000,16.55956196784973,,,,0.9093414876648952
mackey_glass,parallel,lms,3,256,21000,16.089627027511597,,,,0.9119966797904755
mackey_glass,parallel,lms,4,256,21000,13.841779470443726,,,,0.8181868866882143
mackey_glass,parallel,lms,5,256,21000,15.30947995185852,,,,0.7914413312660546
mackey_glass,parallel,lms,6,256,21000,3.1318628787994385,,,,0.7799039019921937
mackey_glass,parallel,lms,7,256,21000,1.7789866924285889,,,,0.8266929476160602
mackey_glass,parallel,lms,8,256,21000,1.6400680541992188,,,,0.7647950284514414
mackey_glass,parallel,lms,9,256,21000,1.581550121307373,,,,0.7886273722453117
drift_binary,parallel,rls_dense,0,256,40000,340.79341173171997,0.99,0.98,0.9820422853697143,
drift_binary,parallel,rls_dense,1,256,40000,431.213237285614,0.985,0.98,0.9833309464586317,
drift_binary,parallel,rls_dense,6,256,40000,327.6334524154663,0.985,0.98,0.9830567071179116,
drift_binary,parallel,rls_dense,7,256,40000,420.14797592163086,0.99,0.97,0.981996432250446,
drift_binary,parallel,rls_dense,4,256,40000,329.33088088035583,0.985,0.97,0.9822074822240646,
drift_binary,parallel,rls_dense,5,256,40000,422.9146511554718,0.985,0.97,0.9831295696088038,
drift_binary,parallel,rls_dense,2,256,40000,341.767297744751,0.985,0.97,0.9832048189743977,
drift_binary,parallel,rls_dense,3,256,40000,414.53031396865845,0.985,0.98,0.9824289590713801,
drift_binary,parallel,rls_dense,8,256,40000,333.43239283561707,0.99,0.98,0.9831094696113164,
drift_binary,parallel,rls_dense,9,256,40000,421.31321477890015,0.99,0.97,0.9826299590462553,
mackey_glass,random_graph_k25,lms,0,256,21000,5.180762529373169,,,,0.8656191153228949
mackey_glass,random_graph_k25,lms,1,256,21000,5.225479364395142,,,,0.9295839367257683
mackey_glass,random_graph_k25,lms,2,256,21000,5.096292495727539,,,,0.9396814804031892
mackey_glass,random_graph_k25,lms,3,256,21000,5.049036979675293,,,,0.9660340707886476
drift_binary,random_graph_k25,rls_dense,0,256,40000,350.8609387874603,1.0,1.0,0.9924900128137484,
drift_binary,random_graph_k25,rls_dense,1,256,40000,335.97918343544006,1.0,1.0,0.984012336373458,
mackey_glass,random_graph_k25,lms,4,256,21000,5.30576491355896,,,,0.8489865353767387
mackey_glass,random_graph_k25,lms,5,256,21000,4.7651708126068115,,,,0.7909046917082503
narma10,random_graph_k25,rls_dense,0,256,21000,309.9818856716156,,,,0.4854476549940666
narma10,random_graph_k25,rls_dense,1,256,21000,50.798232078552246,,,,0.4072427815206047
drift_binary,random_graph_k25,rls_dense,2,256,40000,347.61224269866943,1.0,1.0,0.9843133338358332,
drift_binary,random_graph_k25,rls_dense,3,256,40000,346.6926884651184,1.0,1.0,0.9946008894248889,
mackey_glass,random_graph_k25,lms,6,256,21000,5.392167091369629,,,,0.8945167287952438
mackey_glass,random_graph_k25,lms,7,256,21000,5.0801825523376465,,,,0.842074602055463
drift_binary,random_graph_k25,rls_dense,8,256,40000,350.1037333011627,1.0,1.0,0.9966743297907087,
drift_binary,random_graph_k25,rls_dense,9,256,40000,327.68585777282715,1.0,1.0,0.9758778673902666,
drift_binary,random_graph_k25,rls_dense,4,256,40000,360.5823721885681,1.0,1.0,0.9965824979271877,
drift_binary,random_graph_k25,rls_dense,5,256,40000,319.1833620071411,1.0,1.0,0.9971023341122082,
mackey_glass,random_graph_k25,lms,8,256,21000,4.2455408573150635,,,,0.7515824928422862
mackey_glass,random_graph_k25,lms,9,256,21000,4.906134366989136,,,,0.8317662036711916
drift_binary,random_graph_k25,rls_dense,6,256,40000,366.7831497192383,1.0,1.0,0.9941699957287506,
drift_binary,random_graph_k25,rls_dense,7,256,40000,313.9216582775116,1.0,1.0,0.9947654581543178,
narma10,random_graph_k25,rls_dense,4,256,21000,154.34825921058655,,,,nan
narma10,random_graph_k25,rls_dense,5,256,21000,45.61106872558594,,,,0.41555077708104826
narma10,random_graph_k25,rls_dense,2,256,21000,171.0371811389923,,,,0.41996271549461817
narma10,random_graph_k25,rls_dense,3,256,21000,47.710800886154175,,,,0.44800516450873806
narma10,random_graph_k25,rls_dense,8,256,21000,142.8161084651947,,,,nan
narma10,random_graph_k25,rls_dense,9,256,21000,51.31272268295288,,,,nan
narma10,random_graph_k25,rls_dense,6,256,21000,143.7230203151703,,,,0.4103608972520652
narma10,random_graph_k25,rls_dense,7,256,21000,52.731685638427734,,,,nan
mackey_glass,parallel,rls_dense,0,256,21000,48.52454161643982,,,,0.09603558020536154
mackey_glass,parallel,rls_dense,1,256,21000,43.041351556777954,,,,0.09130260544897827
mackey_glass,parallel,rls_dense,2,256,21000,52.31881880760193,,,,0.09215742262936255
mackey_glass,parallel,rls_dense,3,256,21000,37.73315715789795,,,,0.08943297088637146
mackey_glass,parallel,rls_dense,4,256,21000,49.13908553123474,,,,0.09932672956553484
mackey_glass,parallel,rls_dense,5,256,21000,39.34702157974243,,,,0.09053219056488739
mackey_glass,parallel,rls_dense,8,256,21000,47.16620850563049,,,,0.08801629765224547
mackey_glass,parallel,rls_dense,9,256,21000,37.376994371414185,,,,0.09065491017847026
mackey_glass,parallel,rls_dense,6,256,21000,48.989142179489136,,,,0.08881539276252745
mackey_glass,parallel,rls_dense,7,256,21000,36.045493841171265,,,,0.10554163507478609
mackey_glass,random_graph_k25,rls_dense,0,256,21000,43.313223123550415,,,,0.0015625559961137759
mackey_glass,random_graph_k25,rls_dense,1,256,21000,23.53885006904602,,,,0.002000554178140489
mackey_glass,random_graph_k25,rls_dense,2,256,21000,43.81601643562317,,,,0.002025649649442455
mackey_glass,random_graph_k25,rls_dense,3,256,21000,22.83513641357422,,,,0.0013262397845201948
mackey_glass,random_graph_k25,rls_dense,4,256,21000,40.983025312423706,,,,0.0015721603889484737
mackey_glass,random_graph_k25,rls_dense,5,256,21000,23.535665035247803,,,,0.0017207728711413116
mackey_glass,random_graph_k25,rls_dense,8,256,21000,39.61813998222351,,,,0.0018743194274675266
mackey_glass,random_graph_k25,rls_dense,9,256,21000,21.3694965839386,,,,0.0015014216286487697
mackey_glass,random_graph_k25,rls_dense,6,256,21000,41.573806047439575,,,,0.0026248362646442186
mackey_glass,random_graph_k25,rls_dense,7,256,21000,20.900541305541992,,,,0.0019174096610415452
