task,scenario,substrate,readout,seed_idx,n_units,t_total,runtime_s,mean_acc_all,acc_first,acc_mid,acc_last,sel_good_frac,n_switches
multi_source_weak,all_weak,random_graph_k25,worker_true,2,256,40000,5.916100978851318,0.9302241149719855,0.9,0.905,0.925,0.0,0
multi_source_weak,all_weak,random_graph_k25,vote_pure,2,256,40000,6.041970729827881,0.8214090098238738,0.8,0.8,0.8,0.0,0
multi_source_weak,all_weak,random_graph_k25,worker_majority,2,256,40000,7.0811827182769775,0.8161013542373308,0.9,0.84,0.8,0.0,0
multi_source_weak,all_weak,random_graph_k25,emasel_pure,2,256,40000,7.132683277130127,0.712509735936283,0.7,0.7,0.795,0.7115,161
multi_source_weak,all_weak,random_graph_k25,worker_emasel,2,256,40000,8.174857378005981,0.715448104318987,0.76,0.665,0.7,0.7115,161
multi_source_weak,all_weak,random_graph_k25,worker_true,1,256,40000,6.562586545944214,0.9392954950880632,1.0,1.0,1.0,0.0,0
multi_source_weak,all_weak,random_graph_k25,vote_pure,1,256,40000,6.626744985580444,0.837690007788749,0.9,0.9,0.8474999999999999,0.0,0
multi_source_weak,all_weak,random_graph_k25,worker_majority,1,256,40000,7.78879714012146,0.8515062435617197,0.9,0.9,0.9,0.0,0
multi_source_weak,all_weak,random_graph_k25,emasel_pure,1,256,40000,7.917104721069336,0.6913544885806889,0.7,0.7,0.7,0.691,212
multi_source_weak,all_weak,random_graph_k25,worker_emasel,1,256,40000,9.127212762832642,0.7438682445164694,0.885,0.725,0.7,0.691,212
multi_source_weak,all_weak,random_graph_k25,worker_true,4,256,40000,6.684195280075073,0.932059495992563,0.9,0.9,1.0,0.0,0
multi_source_weak,all_weak,random_graph_k25,vote_pure,4,256,40000,6.751941442489624,0.8479623627547046,0.9,0.88,0.9,0.0,0
multi_source_weak,all_weak,random_graph_k25,worker_majority,4,256,40000,7.753690958023071,0.8339426145071732,0.9,0.8,0.9,0.0,0
multi_source_weak,all_weak,random_graph_k25,emasel_pure,4,256,40000,7.8203840255737305,0.6962551192181101,0.7,0.7,0.7,0.696,243
multi_source_weak,all_weak,random_graph_k25,worker_emasel,4,256,40000,9.08458423614502,0.7109281173839853,0.775,0.66,0.76,0.696,243
multi_source_weak,all_weak,random_graph_k25,worker_true,5,256,40000,6.475487470626831,0.947309112836361,1.0,0.965,1.0,0.0,0
multi_source_weak,all_weak,random_graph_k25,vote_pure,5,256,40000,6.517503976821899,0.837211376598578,0.9,0.86,0.9,0.0,0
multi_source_weak,all_weak,random_graph_k25,worker_majority,5,256,40000,7.8095481395721436,0.8516331247958595,0.9,0.9,0.9,0.0,0
multi_source_weak,all_weak,random_graph_k25,emasel_pure,5,256,40000,7.883926153182983,0.6996985000376875,0.7,0.7,0.7,0.6995,209
multi_source_weak,all_weak,random_graph_k25,worker_emasel,5,256,40000,9.087350845336914,0.7492186125976734,0.8,0.79,0.7,0.6995,209
multi_source_weak,all_weak,random_graph_k25,worker_true,6,256,40000,6.589346885681152,0.9444926006884249,0.925,1.0,1.0,0.0,0
multi_source_weak,all_weak,random_graph_k25,vote_pure,6,256,40000,6.646580219268799,0.8252280093464989,0.85,0.87,0.875,0.0,0
multi_source_weak,all_weak,random_graph_k25,worker_majority,6,256,40000,7.916994571685791,0.8502474812190649,0.9,0.9,0.9,0.0,0
multi_source_weak,all_weak,random_graph_k25,emasel_pure,6,256,40000,7.995501756668091,0.683187608351549,0.615,0.7,0.7,0.6825,251
multi_source_weak,all_weak,random_graph_k25,worker_emasel,6,256,40000,9.300050735473633,0.7195686038039246,0.71,0.715,0.7,0.6825,251
multi_source_weak,all_weak,random_graph_k25,worker_true,3,256,40000,6.701679229736328,0.9279603527549559,1.0,1.0,0.9,0.0,0
multi_source_weak,all_weak,random_graph_k25,vote_pure,3,256,40000,6.767591953277588,0.8373382578327178,0.9,0.83,0.87,0.0,0
multi_source_weak,all_weak,random_graph_k25,worker_majority,3,256,40000,8.05539870262146,0.8202218537222683,0.9,0.8174999999999999,0.8,0.0,0
multi_source_weak,all_weak,random_graph_k25,emasel_pure,3,256,40000,8.139223575592041,0.6812856460892942,0.7,0.7,0.7,0.682,255
multi_source_weak,all_weak,random_graph_k25,worker_emasel,3,256,40000,9.523820161819458,0.7028617371422828,0.8,0.72,0.6,0.682,255
multi_source_weak,all_weak,random_graph_k25,worker_true,7,256,40000,6.819808483123779,0.9445692319288461,1.0,1.0,1.0,0.0,0
multi_source_weak,all_weak,random_graph_k25,vote_pure,7,256,40000,6.870826244354248,0.8547963619004547,0.9,0.825,0.84,0.0,0
multi_source_weak,all_weak,random_graph_k25,worker_majority,7,256,40000,7.9285078048706055,0.8649443481319565,0.9,0.9,0.8,0.0,0
multi_source_weak,all_weak,random_graph_k25,emasel_pure,7,256,40000,8.001940488815308,0.6920077384990326,0.7,0.7,0.7,0.6915,252
multi_source_weak,all_weak,random_graph_k25,worker_emasel,7,256,40000,9.30025577545166,0.7200233662470793,0.76,0.7,0.69,0.6915,252
multi_source_weak,all_weak,random_graph_k25,worker_true,0,256,40000,7.004119634628296,0.9386397326700335,1.0,1.0,1.0,0.0,0
multi_source_weak,all_weak,random_graph_k25,vote_pure,0,256,40000,7.099469184875488,0.8218298535212684,0.825,0.8,0.8,0.0,0
multi_source_weak,all_weak,random_graph_k25,worker_majority,0,256,40000,8.362703084945679,0.8223826034521745,0.9,0.8,0.8,0.0,0
multi_source_weak,all_weak,random_graph_k25,emasel_pure,0,256,40000,8.497436285018921,0.6907062636617172,0.67,0.645,0.7,0.691,215
multi_source_weak,all_weak,random_graph_k25,worker_emasel,0,256,40000,9.929380416870117,0.7084947614381549,0.715,0.665,0.7,0.691,215
multi_source_weak,all_weak,random_graph_k25,worker_true,8,256,40000,5.2026495933532715,0.9387641014044873,0.93,1.0,1.0,0.0,0
multi_source_weak,all_weak,random_graph_k25,vote_pure,8,256,40000,5.273773431777954,0.8422150197231225,0.805,0.9,0.9,0.0,0
multi_source_weak,all_weak,random_graph_k25,worker_majority,8,256,40000,6.1981470584869385,0.8583641114544861,0.9,0.9,0.87,0.0,0
multi_source_weak,all_weak,random_graph_k25,emasel_pure,8,256,40000,6.333604097366333,0.6965377754327781,0.7,0.7,0.7,0.698,217
multi_source_weak,all_weak,random_graph_k25,worker_emasel,8,256,40000,7.596532344818115,0.719269616341298,0.795,0.685,0.7,0.698,217
multi_source_weak,majority_weak,random_graph_k25,worker_true,2,256,40000,5.10199236869812,0.9302241149719855,0.9,0.905,0.925,0.0,0
multi_source_weak,majority_weak,random_graph_k25,vote_pure,2,256,40000,5.1540656089782715,0.7136943795382026,0.72,0.635,0.7375,0.0,0
multi_source_weak,majority_weak,random_graph_k25,worker_majority,2,256,40000,6.332953691482544,0.7328346021456748,0.8,0.675,0.705,0.0,0
multi_source_weak,majority_weak,random_graph_k25,emasel_pure,2,256,40000,6.366835355758667,0.7170322353709705,0.7,0.7,0.8,0.716,102
multi_source_weak,majority_weak,random_graph_k25,worker_emasel,2,256,40000,7.266575574874878,0.7207482224064722,0.78,0.7,0.8,0.716,102
multi_source_weak,all_weak,random_graph_k25,worker_true,9,256,40000,5.7162864208221436,0.9338182457727191,1.0,0.9,1.0,0.0,0
multi_source_weak,all_weak,random_graph_k25,vote_pure,9,256,40000,5.785882234573364,0.8361033642370794,0.805,0.83,0.9,0.0,0
multi_source_weak,all_weak,random_graph_k25,worker_majority,9,256,40000,6.884348154067993,0.8405278761840156,0.9,0.8,0.8,0.0,0
multi_source_weak,all_weak,random_graph_k25,emasel_pure,9,256,40000,6.921193838119507,0.6946998819125147,0.7,0.7,0.7,0.695,215
multi_source_weak,all_weak,random_graph_k25,worker_emasel,9,256,40000,8.067431926727295,0.7286713901660762,0.8,0.7,0.735,0.695,215
multi_source_weak,majority_weak,random_graph_k25,worker_true,0,256,40000,5.782128572463989,0.9386397326700335,1.0,1.0,1.0,0.0,0
multi_source_weak,majority_weak,random_graph_k25,vote_pure,0,256,40000,5.809911727905273,0.713919248260094,0.7,0.7,0.7,0.0,0
multi_source_weak,majority_weak,random_graph_k25,worker_majority,0,256,40000,6.952253818511963,0.7278623652672044,0.7,0.7,0.7,0.0,0
multi_source_weak,majority_weak,random_graph_k25,emasel_pure,0,256,40000,7.030205488204956,0.695657144292857,0.7,0.7,0.7,0.6965,141
multi_source_weak,majority_weak,random_graph_k25,worker_emasel,0,256,40000,7.912222385406494,0.7318346272706716,0.78,0.71,0.7,0.6965,141
multi_source_weak,majority_weak,random_graph_k25,worker_true,5,256,40000,5.575363636016846,0.947309112836361,1.0,0.965,1.0,0.0,0
multi_source_weak,majority_weak,random_graph_k25,vote_pure,5,256,40000,5.642899036407471,0.7156516167935478,0.735,0.7,0.7,0.0,0
multi_source_weak,majority_weak,random_graph_k25,worker_majority,5,256,40000,6.62749981880188,0.7533868495766438,0.8,0.755,0.7,0.0,0
multi_source_weak,majority_weak,random_graph_k25,emasel_pure,5,256,40000,6.748515844345093,0.6965830004271251,0.7,0.7,0.7,0.6965,162
multi_source_weak,majority_weak,random_graph_k25,worker_emasel,5,256,40000,7.606995105743408,0.7436408632948921,0.85,0.71,0.7,0.6965,162
multi_source_weak,majority_weak,random_graph_k25,worker_true,1,256,40000,5.505075454711914,0.9392954950880632,1.0,1.0,1.0,0.0,0
multi_source_weak,majority_weak,random_graph_k25,vote_pure,1,256,40000,5.549064636230469,0.7206288786713901,0.72,0.7,0.71,0.0,0
multi_source_weak,majority_weak,random_graph_k25,worker_majority,1,256,40000,6.845498323440552,0.7682922539634683,0.9,0.8,0.76,0.0,0
multi_source_weak,majority_weak,random_graph_k25,emasel_pure,1,256,40000,6.978161573410034,0.6980879877390015,0.705,0.7,0.7,0.698,148
multi_source_weak,majority_weak,random_graph_k25,worker_emasel,1,256,40000,8.218375205993652,0.7410567573679054,0.9,0.8,0.7,0.698,148
multi_source_weak,majority_weak,random_graph_k25,worker_true,4,256,40000,6.090200185775757,0.932059495992563,0.9,0.9,1.0,0.0,0
multi_source_weak,majority_weak,random_graph_k25,vote_pure,4,256,40000,6.148014783859253,0.7222318534710183,0.7,0.705,0.8,0.0,0
multi_source_weak,majority_weak,random_graph_k25,worker_majority,4,256,40000,7.207432985305786,0.7380367327454084,0.8,0.7,0.8,0.0,0
multi_source_weak,majority_weak,random_graph_k25,emasel_pure,4,256,40000,7.261245012283325,0.6932903695887038,0.68,0.7,0.705,0.693,216
multi_source_weak,majority_weak,random_graph_k25,worker_emasel,4,256,40000,8.184437036514282,0.7003492374563453,0.755,0.7,0.7,0.693,216
multi_source_weak,majority_weak,random_graph_k25,worker_true,3,256,40000,6.008059740066528,0.9279603527549559,1.0,1.0,0.9,0.0,0
multi_source_weak,majority_weak,random_graph_k25,vote_pure,3,256,40000,6.077275037765503,0.7219378910077636,0.8,0.7,0.7,0.0,0
multi_source_weak,majority_weak,random_graph_k25,worker_majority,3,256,40000,7.27663254737854,0.7423846134519233,0.8,0.8,0.665,0.0,0
multi_source_weak,majority_weak,random_graph_k25,emasel_pure,3,256,40000,7.405802249908447,0.6858320142709983,0.735,0.7,0.7,0.6865,192
multi_source_weak,majority_weak,random_graph_k25,worker_emasel,3,256,40000,8.575100183486938,0.7141466294816713,0.8,0.7,0.64,0.6865,192
multi_source_weak,majority_weak,random_graph_k25,worker_true,6,256,40000,5.691557168960571,0.9444926006884249,0.925,1.0,1.0,0.0,0
multi_source_weak,majority_weak,random_graph_k25,vote_pure,6,256,40000,5.816967248916626,0.7086166176729228,0.71,0.7,0.755,0.0,0
multi_source_weak,majority_weak,random_graph_k25,worker_majority,6,256,40000,6.999454975128174,0.7540426119946735,0.8,0.785,0.8,0.0,0
multi_source_weak,majority_weak,random_graph_k25,emasel_pure,6,256,40000,7.088055372238159,0.6867817391522826,0.695,0.7,0.7,0.6865,167
multi_source_weak,majority_weak,random_graph_k25,worker_emasel,6,256,40000,8.220033645629883,0.7200949724881285,0.785,0.705,0.8,0.6865,167
multi_source_weak,majority_weak,random_graph_k25,worker_true,7,256,40000,5.486088275909424,0.9445692319288461,1.0,1.0,1.0,0.0,0
multi_source_weak,majority_weak,random_graph_k25,vote_pure,7,256,40000,5.524582386016846,0.7118828672646416,0.7,0.765,0.7,0.0,0
multi_source_weak,majority_weak,random_graph_k25,worker_majority,7,256,40000,6.650534152984619,0.7527386246576719,0.8,0.8,0.7,0.0,0
multi_source_weak,majority_weak,random_graph_k25,emasel_pure,7,256,40000,6.720148801803589,0.7033139870857517,0.7,0.7,0.7,0.703,152
multi_source_weak,majority_weak,random_graph_k25,worker_emasel,7,256,40000,8.168953895568848,0.7286399839200021,0.8,0.71,0.7,0.703,152
multi_source_weak,majority_weak,random_graph_k25,worker_true,9,256,40000,5.364309549331665,0.9338182457727191,1.0,0.9,1.0,0.0,0
multi_source_weak,majority_weak,random_graph_k25,vote_pure,9,256,40000,5.40499472618103,0.7287882214014724,0.7,0.7,0.745,0.0,0
multi_source_weak,majority_weak,random_graph_k25,worker_majority,9,256,40000,6.650041818618774,0.7342918519635185,0.8,0.7,0.7,0.0,0
multi_source_weak,majority_weak,random_graph_k25,emasel_pure,9,256,40000,6.724097967147827,0.699595487550564,0.7,0.7,0.7,0.699,159
multi_source_weak,majority_weak,random_graph_k25,worker_emasel,9,256,40000,7.855684518814087,0.7302027587246552,0.8,0.7,0.73,0.699,159
multi_source_weak,majority_weak,random_graph_k25,worker_true,8,256,40000,5.2318713665008545,0.9387641014044873,0.93,1.0,1.0,0.0,0
multi_source_weak,majority_weak,random_graph_k25,vote_pure,8,256,40000,5.365471363067627,0.7235936283007964,0.7,0.7,0.775,0.0,0
multi_source_weak,majority_weak,random_graph_k25,worker_majority,8,256,40000,6.836894989013672,0.7541380869827391,0.8,0.7,0.8,0.0,0
multi_source_weak,majority_weak,random_graph_k25,emasel_pure,8,256,40000,6.914759397506714,0.7030702746162157,0.7,0.7,0.7,0.7045,173
multi_source_weak,majority_weak,random_graph_k25,worker_emasel,8,256,40000,8.076167583465576,0.7348207331474084,0.8,0.7,0.7,0.7045,173
multi_source_weak,minority_weak,random_graph_k25,worker_true,0,256,40000,5.602126836776733,0.9386397326700335,1.0,1.0,1.0,0.0,0
multi_source_weak,minority_weak,random_graph_k25,vote_pure,0,256,40000,5.6711084842681885,0.556758624155172,0.575,0.59,0.52,0.0,0
multi_source_weak,minority_weak,random_graph_k25,worker_majority,0,256,40000,6.841556072235107,0.5588163613979548,0.6,0.58,0.5,0.0,0
multi_source_weak,minority_weak,random_graph_k25,emasel_pure,0,256,40000,6.9880616664886475,0.6964875254390592,0.7,0.675,0.7,0.6975,6
multi_source_weak,minority_weak,random_graph_k25,worker_emasel,0,256,40000,8.12279462814331,0.7265583779302027,0.8,0.7,0.7,0.6975,6
multi_source_weak,minority_weak,random_graph_k25,worker_true,1,256,40000,5.651814222335815,0.9392954950880632,1.0,1.0,1.0,0.0,0
multi_source_weak,minority_weak,random_graph_k25,vote_pure,1,256,40000,5.720930099487305,0.5546456119192985,0.595,0.56,0.58,0.0,0
multi_source_weak,minority_weak,random_graph_k25,worker_majority,1,256,40000,7.095834016799927,0.58540112057486,0.7,0.575,0.6,0.0,0
multi_source_weak,minority_weak,random_graph_k25,emasel_pure,1,256,40000,7.16207218170166,0.680648727418909,0.7,0.7,0.7,0.68,11
multi_source_weak,minority_weak,random_graph_k25,worker_emasel,1,256,40000,8.2819185256958,0.7134431295696088,0.83,0.76,0.73,0.68,11
multi_source_weak,minority_weak,random_graph_k25,worker_true,3,256,40000,5.490644454956055,0.9279603527549559,1.0,1.0,0.9,0.0,0
multi_source_weak,minority_weak,random_graph_k25,vote_pure,3,256,40000,5.615403175354004,0.586686264164217,0.6,0.6,0.57,0.0,0
multi_source_weak,minority_weak,random_graph_k25,worker_majority,3,256,40000,6.651134729385376,0.5863320017084999,0.615,0.6,0.565,0.0,0
multi_source_weak,minority_weak,random_graph_k25,emasel_pure,3,256,40000,6.711300849914551,0.7001482374814703,0.715,0.7,0.7,0.6995,13
multi_source_weak,minority_weak,random_graph_k25,worker_emasel,3,256,40000,7.736590623855591,0.7269314841335645,0.8,0.7,0.7,0.6995,13
multi_source_weak,minority_weak,random_graph_k25,worker_true,2,256,40000,6.043978929519653,0.9302241149719855,0.9,0.905,0.925,0.0,0
multi_source_weak,minority_weak,random_graph_k25,vote_pure,2,256,40000,6.128340005874634,0.5726187784226527,0.585,0.5,0.6,0.0,0
multi_source_weak,minority_weak,random_graph_k25,worker_majority,2,256,40000,6.944003582000732,0.5716351347956082,0.5,0.5,0.6,0.0,0
multi_source_weak,minority_weak,random_graph_k25,emasel_pure,2,256,40000,7.037593603134155,0.7004786311901711,0.7,0.7,0.76,0.7005,9
multi_source_weak,minority_weak,random_graph_k25,worker_emasel,2,256,40000,8.028830766677856,0.7024308434461446,0.7,0.7,0.7,0.7005,9
multi_source_weak,all_weak,parallel,worker_true,0,256,40000,1.9987218379974365,0.9187884726514408,1.0,0.9,0.9,0.0,0
multi_source_weak,all_weak,parallel,vote_pure,0,256,40000,2.065131187438965,0.8218298535212684,0.825,0.8,0.8,0.0,0
multi_source_weak,all_weak,parallel,worker_majority,0,256,40000,3.0361227989196777,0.8650209793723775,0.9,0.9,0.875,0.0,0
multi_source_weak,all_weak,parallel,emasel_pure,0,256,40000,3.0721347332000732,0.6907062636617172,0.67,0.645,0.7,0.691,215
multi_source_weak,all_weak,parallel,worker_emasel,0,256,40000,4.1386191844940186,0.7816059897992512,0.8,0.8,0.8,0.691,215
multi_source_weak,all_weak,parallel,worker_true,1,256,40000,2.0441973209381104,0.9095449863068767,0.9,0.9,0.9,0.0,0
multi_source_weak,all_weak,parallel,vote_pure,1,256,40000,2.1034955978393555,0.837690007788749,0.9,0.9,0.8474999999999999,0.0,0
multi_source_weak,all_weak,parallel,worker_majority,1,256,40000,3.0493128299713135,0.8733649908293762,0.9,0.9,0.9,0.0,0
multi_source_weak,all_weak,parallel,emasel_pure,1,256,40000,3.1456854343414307,0.6913544885806889,0.7,0.7,0.7,0.691,212
multi_source_weak,all_weak,parallel,worker_emasel,1,256,40000,4.520518064498901,0.7877126202859225,0.885,0.8,0.8,0.691,212
multi_source_weak,minority_weak,random_graph_k25,worker_true,4,256,40000,5.593624830245972,0.932059495992563,0.9,0.9,1.0,0.0,0
multi_source_weak,minority_weak,random_graph_k25,vote_pure,4,256,40000,5.635851144790649,0.5799477400065325,0.585,0.6,0.605,0.0,0
multi_source_weak,minority_weak,random_graph_k25,worker_majority,4,256,40000,6.957797527313232,0.6080663802417025,0.6,0.6,0.66,0.0,0
multi_source_weak,minority_weak,random_graph_k25,emasel_pure,4,256,40000,7.056913375854492,0.7064319991960001,0.7,0.76,0.78,0.7065,12
multi_source_weak,minority_weak,random_graph_k25,worker_emasel,4,256,40000,8.52002477645874,0.7425856134267984,0.8,0.7,0.8,0.7065,12
multi_source_weak,minority_weak,random_graph_k25,worker_true,5,256,40000,5.876602411270142,0.947309112836361,1.0,0.965,1.0,0.0,0
multi_source_weak,minority_weak,random_graph_k25,vote_pure,5,256,40000,5.942860126495361,0.5853797643275294,0.555,0.6,0.62,0.0,0
multi_source_weak,minority_weak,random_graph_k25,worker_majority,5,256,40000,6.906447410583496,0.6046996306625462,0.6,0.6,0.6,0.0,0
multi_source_weak,minority_weak,random_graph_k25,emasel_pure,5,256,40000,6.980647325515747,0.6868345016456873,0.685,0.7,0.7,0.687,22
multi_source_weak,minority_weak,random_graph_k25,worker_emasel,5,256,40000,7.914706230163574,0.7068101303987337,0.77,0.7,0.7,0.687,22
multi_source_weak,minority_weak,random_graph_k25,worker_true,6,256,40000,5.754493236541748,0.9444926006884249,0.925,1.0,1.0,0.0,0
multi_source_weak,minority_weak,random_graph_k25,vote_pure,6,256,40000,5.779854774475098,0.5608263611467048,0.6,0.58,0.515,0.0,0
multi_source_weak,minority_weak,random_graph_k25,worker_majority,6,256,40000,7.0346903800964355,0.5929147508856561,0.655,0.595,0.56,0.0,0
multi_source_weak,minority_weak,random_graph_k25,emasel_pure,6,256,40000,7.207702159881592,0.67522424059697,0.7,0.7,0.7,0.675,11
multi_source_weak,minority_weak,random_graph_k25,worker_emasel,6,256,40000,8.634057521820068,0.709817592522801,0.8,0.765,0.7,0.675,11
multi_source_weak,minority_weak,random_graph_k25,worker_true,7,256,40000,6.348691463470459,0.9445692319288461,1.0,1.0,1.0,0.0,0
multi_source_weak,minority_weak,random_graph_k25,vote_pure,7,256,40000,6.40731406211853,0.5652508730936409,0.6,0.57,0.505,0.0,0
multi_source_weak,minority_weak,random_graph_k25,worker_majority,7,256,40000,7.319198846817017,0.5999547750056531,0.7,0.605,0.58,0.0,0
multi_source_weak,minority_weak,random_graph_k25,emasel_pure,7,256,40000,7.468121767044067,0.7203248662093917,0.7,0.715,0.735,0.72,8
multi_source_weak,minority_weak,random_graph_k25,worker_emasel,7,256,40000,8.551844120025635,0.7396711137911108,0.8,0.775,0.7,0.72,8
multi_source_weak,minority_weak,random_graph_k25,worker_true,9,256,40000,5.445048809051514,0.9338182457727191,1.0,0.9,1.0,0.0,0
multi_source_weak,minority_weak,random_graph_k25,vote_pure,9,256,40000,5.486187696456909,0.5798233712720786,0.5,0.6,0.61,0.0,0
multi_source_weak,minority_weak,random_graph_k25,worker_majority,9,256,40000,6.783190488815308,0.5686703851662019,0.6,0.59,0.6,0.0,0
multi_source_weak,minority_weak,random_graph_k25,emasel_pure,9,256,40000,6.838359355926514,0.7171829853521269,0.72,0.735,0.735,0.7165,5
multi_source_weak,minority_weak,random_graph_k25,worker_emasel,9,256,40000,8.024988412857056,0.729121127609859,0.785,0.75,0.73,0.7165,5
multi_source_weak,minority_weak,random_graph_k25,worker_true,8,256,40000,5.8471338748931885,0.9387641014044873,0.93,1.0,1.0,0.0,0
multi_source_weak,minority_weak,random_graph_k25,vote_pure,8,256,40000,5.89878249168396,0.5672872540890932,0.52,0.545,0.6,0.0,0
multi_source_weak,minority_weak,random_graph_k25,worker_majority,8,256,40000,6.913884162902832,0.5704266224466723,0.6,0.5,0.6,0.0,0
multi_source_weak,minority_weak,random_graph_k25,emasel_pure,8,256,40000,7.019321918487549,0.7027637496545314,0.7,0.7,0.7,0.703,0
multi_source_weak,minority_weak,random_graph_k25,worker_emasel,8,256,40000,8.458231210708618,0.7277807090274114,0.8,0.725,0.685,0.703,0
multi_source_weak,all_weak,parallel,worker_true,2,256,40000,2.364553928375244,0.9187646039044245,0.9,0.9,0.9,0.0,0
multi_source_weak,all_weak,parallel,vote_pure,2,256,40000,2.4263899326324463,0.8214090098238738,0.8,0.8,0.8,0.0,0
multi_source_weak,all_weak,parallel,worker_majority,2,256,40000,3.666931390762329,0.8736639782920026,0.9,0.9,0.9,0.0,0
multi_source_weak,all_weak,parallel,emasel_pure,2,256,40000,3.7255046367645264,0.712509735936283,0.7,0.7,0.795,0.7115,161
multi_source_weak,all_weak,parallel,worker_emasel,2,256,40000,5.061501741409302,0.7868558578930178,0.8,0.7,0.895,0.7115,161
multi_source_weak,all_weak,parallel,worker_true,3,256,40000,2.365217924118042,0.927634984045627,0.965,0.9,1.0,0.0,0
multi_source_weak,all_weak,parallel,vote_pure,3,256,40000,2.3960022926330566,0.8373382578327178,0.9,0.83,0.87,0.0,0
multi_source_weak,all_weak,parallel,worker_majority,3,256,40000,3.4532463550567627,0.8869324891334389,0.9,0.9,0.9,0.0,0
multi_source_weak,all_weak,parallel,emasel_pure,3,256,40000,3.565901517868042,0.6812856460892942,0.7,0.7,0.7,0.682,255
multi_source_weak,all_weak,parallel,worker_emasel,3,256,40000,4.666834831237793,0.7764063716992036,0.8,0.8,0.8,0.682,255
multi_source_weak,all_weak,parallel,worker_true,4,256,40000,1.979224443435669,0.9151729856033769,0.9,0.9,0.9,0.0,0
multi_source_weak,all_weak,parallel,vote_pure,4,256,40000,2.0458874702453613,0.8479623627547046,0.9,0.88,0.9,0.0,0
multi_source_weak,all_weak,parallel,worker_majority,4,256,40000,3.1832146644592285,0.8819552272555967,0.9,0.9,0.9,0.0,0
multi_source_weak,all_weak,parallel,emasel_pure,4,256,40000,3.2820746898651123,0.6962551192181101,0.7,0.7,0.7,0.696,243
multi_source_weak,all_weak,parallel,worker_emasel,4,256,40000,4.198437690734863,0.7953481068314867,0.8,0.8,0.875,0.696,243
multi_source_weak,all_weak,parallel,worker_true,5,256,40000,2.398698329925537,0.9285131026858624,0.9,0.96,0.9,0.0,0
multi_source_weak,all_weak,parallel,vote_pure,5,256,40000,2.545224666595459,0.837211376598578,0.9,0.86,0.9,0.0,0
multi_source_weak,all_weak,parallel,worker_majority,5,256,40000,4.050482749938965,0.887331976583503,0.9,0.9,0.9,0.0,0
multi_source_weak,all_weak,parallel,emasel_pure,5,256,40000,4.1229894161224365,0.6996985000376875,0.7,0.7,0.7,0.6995,209
multi_source_weak,all_weak,parallel,worker_emasel,5,256,40000,5.236507892608643,0.8193412225823472,0.8,0.8,0.8,0.6995,209
multi_source_weak,all_weak,parallel,worker_true,6,256,40000,2.319972515106201,0.9234114720735659,0.985,0.9,1.0,0.0,0
multi_source_weak,all_weak,parallel,vote_pure,6,256,40000,2.380768299102783,0.8252280093464989,0.85,0.87,0.875,0.0,0
multi_source_weak,all_weak,parallel,worker_majority,6,256,40000,3.389047622680664,0.863637848295269,0.9,0.9,0.9,0.0,0
multi_source_weak,all_weak,parallel,emasel_pure,6,256,40000,3.4516279697418213,0.683187608351549,0.615,0.7,0.7,0.6825,251
multi_source_weak,all_weak,parallel,worker_emasel,6,256,40000,4.650118350982666,0.7647433481570816,0.8,0.8,0.83,0.6825,251
multi_source_weak,all_weak,parallel,worker_true,8,256,40000,2.6271941661834717,0.9233637345795332,0.9,0.9,0.905,0.0,0
multi_source_weak,all_weak,parallel,vote_pure,8,256,40000,2.7548251152038574,0.8422150197231225,0.805,0.9,0.9,0.0,0
multi_source_weak,all_weak,parallel,worker_majority,8,256,40000,3.8308606147766113,0.8746451094193614,0.9,0.82,0.9,0.0,0
multi_source_weak,all_weak,parallel,emasel_pure,8,256,40000,3.880828619003296,0.6965377754327781,0.7,0.7,0.7,0.698,217
multi_source_weak,all_weak,parallel,worker_emasel,8,256,40000,4.999319791793823,0.7907778699027662,0.835,0.8,0.82,0.698,217
multi_source_weak,all_weak,parallel,worker_true,7,256,40000,2.2672128677368164,0.9155247355594082,0.9,0.9,0.9,0.0,0
multi_source_weak,all_weak,parallel,vote_pure,7,256,40000,2.3600757122039795,0.8547963619004547,0.9,0.825,0.84,0.0,0
multi_source_weak,all_weak,parallel,worker_majority,7,256,40000,3.6023473739624023,0.8843936082007989,0.9,0.9,0.9,0.0,0
multi_source_weak,all_weak,parallel,emasel_pure,7,256,40000,3.7153146266937256,0.6920077384990326,0.7,0.7,0.7,0.6915,252
multi_source_weak,all_weak,parallel,worker_emasel,7,256,40000,5.161199331283569,0.7851473581065803,0.73,0.8,0.8,0.6915,252
multi_source_weak,all_weak,parallel,worker_true,9,256,40000,2.8726654052734375,0.9119356297580464,0.9,0.9,0.9,0.0,0
multi_source_weak,all_weak,parallel,vote_pure,9,256,40000,2.937988758087158,0.8361033642370794,0.805,0.83,0.9,0.0,0
multi_source_weak,all_weak,parallel,worker_majority,9,256,40000,3.9005327224731445,0.8717356347830456,0.9,0.9,0.9,0.0,0
multi_source_weak,all_weak,parallel,emasel_pure,9,256,40000,3.9413015842437744,0.6946998819125147,0.7,0.7,0.7,0.695,215
multi_source_weak,all_weak,parallel,worker_emasel,9,256,40000,5.1649298667907715,0.7850518831185147,0.8,0.76,0.8,0.695,215
multi_source_weak,majority_weak,parallel,worker_true,0,256,40000,2.02336049079895,0.9187884726514408,1.0,0.9,0.9,0.0,0
multi_source_weak,majority_weak,parallel,vote_pure,0,256,40000,2.0671136379241943,0.713919248260094,0.7,0.7,0.7,0.0,0
multi_source_weak,majority_weak,parallel,worker_majority,0,256,40000,3.0862157344818115,0.7958506067686741,0.7,0.7875000000000001,0.81,0.0,0
multi_source_weak,majority_weak,parallel,emasel_pure,0,256,40000,3.179098606109619,0.695657144292857,0.7,0.7,0.7,0.6965,141
multi_source_weak,majority_weak,parallel,worker_emasel,0,256,40000,4.282119989395142,0.7986909876636266,0.8,0.8,0.8,0.6965,141
multi_source_weak,majority_weak,parallel,worker_true,1,256,40000,2.431960105895996,0.9095449863068767,0.9,0.9,0.9,0.0,0
multi_source_weak,majority_weak,parallel,vote_pure,1,256,40000,2.6040732860565186,0.7206288786713901,0.72,0.7,0.71,0.0,0
multi_source_weak,majority_weak,parallel,worker_majority,1,256,40000,3.7175614833831787,0.8013567498304064,0.88,0.815,0.9,0.0,0
multi_source_weak,majority_weak,parallel,emasel_pure,1,256,40000,3.7927498817443848,0.6980879877390015,0.705,0.7,0.7,0.698,148
multi_source_weak,majority_weak,parallel,worker_emasel,1,256,40000,5.210203170776367,0.7923117509610312,0.9,0.825,0.8,0.698,148
multi_source_weak,majority_weak,parallel,worker_true,2,256,40000,2.3601551055908203,0.9187646039044245,0.9,0.9,0.9,0.0,0
multi_source_weak,majority_weak,parallel,vote_pure,2,256,40000,2.4277656078338623,0.7136943795382026,0.72,0.635,0.7375,0.0,0
multi_source_weak,majority_weak,parallel,worker_majority,2,256,40000,3.424041271209717,0.7995691063038618,0.845,0.7,0.9,0.0,0
multi_source_weak,majority_weak,parallel,emasel_pure,2,256,40000,3.5940628051757812,0.7170322353709705,0.7,0.7,0.8,0.716,102
multi_source_weak,majority_weak,parallel,worker_emasel,2,256,40000,5.056843280792236,0.8059508555061431,0.8,0.8,0.9,0.716,102
multi_source_weak,majority_weak,parallel,worker_true,3,256,40000,2.040947675704956,0.927634984045627,0.965,0.9,1.0,0.0,0
multi_source_weak,majority_weak,parallel,vote_pure,3,256,40000,2.149411201477051,0.7219378910077636,0.8,0.7,0.7,0.0,0
multi_source_weak,majority_weak,parallel,worker_majority,3,256,40000,3.1597089767456055,0.7990929876133764,0.8,0.8,0.8,0.0,0
multi_source_weak,majority_weak,parallel,emasel_pure,3,256,40000,3.262244462966919,0.6858320142709983,0.735,0.7,0.7,0.6865,192
multi_source_weak,majority_weak,parallel,worker_emasel,3,256,40000,4.193703651428223,0.7754013718248285,0.8,0.8,0.8,0.6865,192
multi_source_weak,majority_weak,parallel,worker_true,4,256,40000,2.3772165775299072,0.9151729856033769,0.9,0.9,0.9,0.0,0
multi_source_weak,majority_weak,parallel,vote_pure,4,256,40000,2.427124500274658,0.7222318534710183,0.7,0.705,0.8,0.0,0
multi_source_weak,majority_weak,parallel,worker_majority,4,256,40000,3.374734878540039,0.8104469736941282,0.8,0.8,0.9,0.0,0
multi_source_weak,majority_weak,parallel,emasel_pure,4,256,40000,3.5491158962249756,0.6932903695887038,0.68,0.7,0.705,0.693,216
multi_source_weak,majority_weak,parallel,worker_emasel,4,256,40000,4.783217430114746,0.7849966081254239,0.8,0.8,0.835,0.693,216
multi_source_weak,majority_weak,parallel,worker_true,5,256,40000,2.1745970249176025,0.9285131026858624,0.9,0.96,0.9,0.0,0
multi_source_weak,majority_weak,parallel,vote_pure,5,256,40000,2.2346677780151367,0.7156516167935478,0.735,0.7,0.7,0.0,0
multi_source_weak,majority_weak,parallel,worker_majority,5,256,40000,3.157749652862549,0.8351674581040678,0.845,0.885,0.9,0.0,0
multi_source_weak,majority_weak,parallel,emasel_pure,5,256,40000,3.2154109477996826,0.6965830004271251,0.7,0.7,0.7,0.6965,162
multi_source_weak,majority_weak,parallel,worker_emasel,5,256,40000,4.609949111938477,0.7955252380593454,0.8,0.8,0.82,0.6965,162
multi_source_weak,majority_weak,parallel,worker_true,6,256,40000,2.7344136238098145,0.9234114720735659,0.985,0.9,1.0,0.0,0
multi_source_weak,majority_weak,parallel,vote_pure,6,256,40000,2.834531784057617,0.7086166176729228,0.71,0.7,0.755,0.0,0
multi_source_weak,majority_weak,parallel,worker_majority,6,256,40000,4.244724988937378,0.7890166076229241,0.895,0.8,0.855,0.0,0
multi_source_weak,majority_weak,parallel,emasel_pure,6,256,40000,4.3213465213775635,0.6867817391522826,0.695,0.7,0.7,0.6865,167
multi_source_weak,majority_weak,parallel,worker_emasel,6,256,40000,5.472712755203247,0.7672822290897214,0.8,0.8,0.88,0.6865,167
multi_source_weak,majority_weak,parallel,worker_true,7,256,40000,2.5324456691741943,0.9155247355594082,0.9,0.9,0.9,0.0,0
multi_source_weak,majority_weak,parallel,vote_pure,7,256,40000,2.61313796043396,0.7118828672646416,0.7,0.765,0.7,0.0,0
multi_source_weak,majority_weak,parallel,worker_majority,7,256,40000,3.830597400665283,0.8065538554307681,0.8,0.855,0.8,0.0,0
multi_source_weak,majority_weak,parallel,emasel_pure,7,256,40000,3.9473631381988525,0.7033139870857517,0.7,0.7,0.7,0.703,152
multi_source_weak,majority_weak,parallel,worker_emasel,7,256,40000,5.386509895324707,0.779442727569659,0.75,0.8,0.8,0.703,152
multi_source_weak,majority_weak,parallel,worker_true,8,256,40000,2.5638225078582764,0.9233637345795332,0.9,0.9,0.905,0.0,0
multi_source_weak,majority_weak,parallel,vote_pure,8,256,40000,2.6314597129821777,0.7235936283007964,0.7,0.7,0.775,0.0,0
multi_source_weak,majority_weak,parallel,worker_majority,8,256,40000,3.8840506076812744,0.7995402125574734,0.8,0.8,0.9,0.0,0
multi_source_weak,majority_weak,parallel,emasel_pure,8,256,40000,3.9205615520477295,0.7030702746162157,0.7,0.7,0.7,0.7045,173
multi_source_weak,majority_weak,parallel,worker_emasel,8,256,40000,5.273514270782471,0.8028378683952665,0.845,0.8,0.82,0.7045,173
multi_source_weak,majority_weak,parallel,worker_true,9,256,40000,2.034623384475708,0.9119356297580464,0.9,0.9,0.9,0.0,0
multi_source_weak,majority_weak,parallel,vote_pure,9,256,40000,2.1207683086395264,0.7287882214014724,0.7,0.7,0.745,0.0,0
multi_source_weak,majority_weak,parallel,worker_majority,9,256,40000,3.11877179145813,0.8013806185774227,0.8,0.815,0.8,0.0,0
multi_source_weak,majority_weak,parallel,emasel_pure,9,256,40000,3.2192604541778564,0.699595487550564,0.7,0.7,0.7,0.699,159
multi_source_weak,majority_weak,parallel,worker_emasel,9,256,40000,4.531209468841553,0.796659631667546,0.8,0.805,0.8,0.699,159
multi_source_weak,minority_weak,parallel,worker_true,0,256,40000,2.1686737537384033,0.9187884726514408,1.0,0.9,0.9,0.0,0
multi_source_weak,minority_weak,parallel,vote_pure,0,256,40000,2.2180027961730957,0.556758624155172,0.575,0.59,0.52,0.0,0
multi_source_weak,minority_weak,parallel,worker_majority,0,256,40000,3.588590383529663,0.6112534860933142,0.6,0.6,0.6,0.0,0
multi_source_weak,minority_weak,parallel,emasel_pure,0,256,40000,3.6532280445098877,0.6964875254390592,0.7,0.675,0.7,0.6975,6
multi_source_weak,minority_weak,parallel,worker_emasel,0,256,40000,4.8076395988464355,0.7882867264641592,0.845,0.75,0.8,0.6975,6
multi_source_weak,minority_weak,parallel,worker_true,1,256,40000,2.47946834564209,0.9095449863068767,0.9,0.9,0.9,0.0,0
multi_source_weak,minority_weak,parallel,vote_pure,1,256,40000,2.5175445079803467,0.5546456119192985,0.595,0.56,0.58,0.0,0
multi_source_weak,minority_weak,parallel,worker_majority,1,256,40000,3.5708999633789062,0.6230170096228738,0.63,0.7,0.6,0.0,0
multi_source_weak,minority_weak,parallel,emasel_pure,1,256,40000,3.630056619644165,0.680648727418909,0.7,0.7,0.7,0.68,11
multi_source_weak,minority_weak,parallel,worker_emasel,1,256,40000,4.92377781867981,0.7560526117434235,0.8,0.8,0.8,0.68,11
multi_source_weak,minority_weak,parallel,worker_true,2,256,40000,2.8845598697662354,0.9187646039044245,0.9,0.9,0.9,0.0,0
multi_source_weak,minority_weak,parallel,vote_pure,2,256,40000,2.9642295837402344,0.5726187784226527,0.585,0.5,0.6,0.0,0
multi_source_weak,minority_weak,parallel,worker_majority,2,256,40000,3.994866371154785,0.626711640411045,0.6,0.525,0.7,0.0,0
multi_source_weak,minority_weak,parallel,emasel_pure,2,256,40000,4.097233057022095,0.7004786311901711,0.7,0.7,0.76,0.7005,9
multi_source_weak,minority_weak,parallel,worker_emasel,2,256,40000,5.280128002166748,0.7875116203110475,0.785,0.8,0.9,0.7005,9
multi_source_weak,minority_weak,parallel,worker_true,3,256,40000,2.4915859699249268,0.927634984045627,0.965,0.9,1.0,0.0,0
multi_source_weak,minority_weak,parallel,vote_pure,3,256,40000,2.597428798675537,0.586686264164217,0.6,0.6,0.57,0.0,0
multi_source_weak,minority_weak,parallel,worker_majority,3,256,40000,4.038867712020874,0.6543730057033744,0.6,0.7,0.75,0.0,0
multi_source_weak,minority_weak,parallel,emasel_pure,3,256,40000,4.149598836898804,0.7001482374814703,0.715,0.7,0.7,0.6995,13
multi_source_weak,minority_weak,parallel,worker_emasel,3,256,40000,5.347069501876831,0.8072309740961283,0.8,0.8,0.845,0.6995,13
multi_source_weak,minority_weak,parallel,worker_true,5,256,40000,1.9185547828674316,0.9285131026858624,0.9,0.96,0.9,0.0,0
multi_source_weak,minority_weak,parallel,vote_pure,5,256,40000,1.999535322189331,0.5853797643275294,0.555,0.6,0.62,0.0,0
multi_source_weak,minority_weak,parallel,worker_majority,5,256,40000,3.014094591140747,0.6801010024873748,0.6,0.7,0.72,0.0,0
multi_source_weak,minority_weak,parallel,emasel_pure,5,256,40000,3.084855794906616,0.6868345016456873,0.685,0.7,0.7,0.687,22
multi_source_weak,minority_weak,parallel,worker_emasel,5,256,40000,4.262196779251099,0.7828119896485013,0.8,0.79,0.8,0.687,22
multi_source_weak,minority_weak,parallel,worker_true,4,256,40000,2.3617660999298096,0.9151729856033769,0.9,0.9,0.9,0.0,0
multi_source_weak,minority_weak,parallel,vote_pure,4,256,40000,2.4480140209198,0.5799477400065325,0.585,0.6,0.605,0.0,0
multi_source_weak,minority_weak,parallel,worker_majority,4,256,40000,3.3623082637786865,0.6417841260269843,0.6,0.6,0.72,0.0,0
multi_source_weak,minority_weak,parallel,emasel_pure,4,256,40000,3.4479804039001465,0.7064319991960001,0.7,0.76,0.78,0.7065,12
multi_source_weak,minority_weak,parallel,worker_emasel,4,256,40000,4.573730945587158,0.805551368056079,0.8,0.8,0.9,0.7065,12
multi_source_weak,minority_weak,parallel,worker_true,6,256,40000,2.5273663997650146,0.9234114720735659,0.985,0.9,1.0,0.0,0
multi_source_weak,minority_weak,parallel,vote_pure,6,256,40000,2.590301036834717,0.5608263611467048,0.6,0.58,0.515,0.0,0
multi_source_weak,minority_weak,parallel,worker_majority,6,256,40000,3.6830127239227295,0.6096002612999674,0.6,0.6,0.565,0.0,0
multi_source_weak,minority_weak,parallel,emasel_pure,6,256,40000,3.7752599716186523,0.67522424059697,0.7,0.7,0.7,0.675,11
multi_source_weak,minority_weak,parallel,worker_emasel,6,256,40000,4.531107425689697,0.7452463505942063,0.8,0.8,0.8,0.675,11
multi_source_weak,minority_weak,parallel,worker_true,7,256,40000,2.4292147159576416,0.9155247355594082,0.9,0.9,0.9,0.0,0
multi_source_weak,minority_weak,parallel,vote_pure,7,256,40000,2.526211977005005,0.5652508730936409,0.6,0.57,0.505,0.0,0
multi_source_weak,minority_weak,parallel,worker_majority,7,256,40000,3.7729640007019043,0.6009811311273586,0.7,0.7,0.585,0.0,0
multi_source_weak,minority_weak,parallel,emasel_pure,7,256,40000,3.8340909481048584,0.7203248662093917,0.7,0.715,0.735,0.72,8
multi_source_weak,minority_weak,parallel,worker_emasel,7,256,40000,4.637316465377808,0.8088389738951283,0.8,0.9,0.8,0.72,8
multi_source_weak,minority_weak,parallel,worker_true,8,256,40000,2.048790454864502,0.9233637345795332,0.9,0.9,0.905,0.0,0
multi_source_weak,minority_weak,parallel,vote_pure,8,256,40000,2.1270358562469482,0.5672872540890932,0.52,0.545,0.6,0.0,0
multi_source_weak,minority_weak,parallel,worker_majority,8,256,40000,2.867095947265625,0.5983945127006859,0.6,0.53,0.7,0.0,0
multi_source_weak,minority_weak,parallel,emasel_pure,8,256,40000,2.8821475505828857,0.7027637496545314,0.7,0.7,0.7,0.703,0
multi_source_weak,minority_weak,parallel,worker_emasel,8,256,40000,3.3639614582061768,0.7770596216175473,0.9,0.8,0.8,0.703,0
multi_source_weak,minority_weak,parallel,worker_true,9,256,40000,2.1468234062194824,0.9119356297580464,0.9,0.9,0.9,0.0,0
multi_source_weak,minority_weak,parallel,vote_pure,9,256,40000,2.178913116455078,0.5798233712720786,0.5,0.6,0.61,0.0,0
multi_source_weak,minority_weak,parallel,worker_majority,9,256,40000,2.6692559719085693,0.6066116429235447,0.6,0.63,0.6,0.0,0
multi_source_weak,minority_weak,parallel,emasel_pure,9,256,40000,2.7073781490325928,0.7171829853521269,0.72,0.735,0.735,0.7165,5
multi_source_weak,minority_weak,parallel,worker_emasel,9,256,40000,3.0176897048950195,0.7861046204869224,0.8,0.8,0.8,0.7165,5
