part,disturb,kappa,arm,seed_idx,mc_heldout,proxy_mean,pre_nmse,post_nmse,final_nmse,recovery_pulses,kappa_settled,mc_at_nominal,mc_at_settled,runtime_s
1,none,15.0,,0,7.703935939479286,0.019989368435768814,,,,,,,,2.190741539001465
1,none,15.0,,1,8.07500896676338,0.019849418697158394,,,,,,,,1.5464389324188232
1,none,15.0,,6,9.657243346843304,0.02064854806343458,,,,,,,,2.117969036102295
1,none,15.0,,7,9.02944518050723,0.018421103747480478,,,,,,,,1.5683400630950928
1,none,15.0,,2,8.489570955207874,0.020094904401895135,,,,,,,,2.3260574340820312
1,none,15.0,,3,7.377451443715943,0.01949013078897414,,,,,,,,1.5209550857543945
1,none,25.0,,0,15.907945571066135,0.028827155628274093,,,,,,,,2.245046854019165
1,none,25.0,,1,11.848613793565178,0.028696059120421183,,,,,,,,1.5785102844238281
1,none,15.0,,4,8.398613417152635,0.019187563507662098,,,,,,,,2.3684983253479004
1,none,15.0,,5,8.220585134114103,0.01801056732771954,,,,,,,,1.5719380378723145
1,none,15.0,,8,7.611386626032351,0.018458121249751158,,,,,,,,2.336360216140747
1,none,15.0,,9,8.396899759115211,0.020041420128169642,,,,,,,,1.6732306480407715
1,none,40.0,,0,5.810023877466739,0.061798573392374295,,,,,,,,2.5374956130981445
1,none,40.0,,1,7.427880246018039,0.062153109949746335,,,,,,,,1.6011178493499756
1,none,25.0,,2,14.911444878775251,0.02963424274781562,,,,,,,,2.878994941711426
1,none,25.0,,3,10.754696926638044,0.028865381220907163,,,,,,,,1.588304042816162
1,none,25.0,,4,15.336231791725062,0.028209453093859825,,,,,,,,2.8333919048309326
1,none,25.0,,5,15.151293735742764,0.02704048811139998,,,,,,,,1.865983247756958
1,none,25.0,,8,14.98524505921724,0.027585082158456002,,,,,,,,3.248061418533325
1,none,25.0,,9,13.813802796575985,0.02883808341818409,,,,,,,,1.7005655765533447
1,none,25.0,,6,16.201701134015916,0.0300205187428389,,,,,,,,3.3206655979156494
1,none,25.0,,7,10.935260915486548,0.027080060500327272,,,,,,,,1.6619789600372314
1,none,40.0,,6,7.761903929104674,0.06528310374951853,,,,,,,,3.0683481693267822
1,none,40.0,,7,5.930876717601038,0.05739371816311198,,,,,,,,1.5898590087890625
1,none,40.0,,4,6.137246814376787,0.059885098946162146,,,,,,,,3.276306390762329
1,none,40.0,,5,7.885907183444467,0.058269962355194514,,,,,,,,1.7430024147033691
1,none,40.0,,2,6.639616594909672,0.06263273160751862,,,,,,,,3.3645269870758057
1,none,40.0,,3,8.46726852905301,0.0616152429701719,,,,,,,,1.820382833480835
1,tau_drift,15.0,,0,7.87293987641163,0.029445108722119973,,,,,,,,3.6700034141540527
1,tau_drift,15.0,,1,8.609902800590769,0.02917847614903711,,,,,,,,1.4365334510803223
1,none,40.0,,8,6.9237039954682995,0.057157495846943164,,,,,,,,3.747687816619873
1,none,40.0,,9,6.47462921705441,0.061799741292325204,,,,,,,,1.5865859985351562
1,tau_drift,15.0,,2,8.698849691683975,0.029620477721791914,,,,,,,,1.2980237007141113
1,tau_drift,15.0,,3,7.6043196345719455,0.028168702525518046,,,,,,,,1.543015718460083
1,tau_drift,15.0,,4,8.604268964327956,0.0281377438526464,,,,,,,,1.6521673202514648
1,tau_drift,15.0,,5,8.352789087416214,0.02612598855496311,,,,,,,,1.7297399044036865
1,tau_drift,15.0,,6,9.910971682767665,0.0302091779626598,,,,,,,,1.6026151180267334
1,tau_drift,15.0,,7,8.78705509585294,0.02668399906617081,,,,,,,,2.31602144241333
1,tau_drift,15.0,,8,8.026784250490874,0.026748299419724578,,,,,,,,1.5469601154327393
1,tau_drift,15.0,,9,8.678006410773714,0.02972575363528648,,,,,,,,2.5387794971466064
1,tau_drift,25.0,,2,14.361468795583942,0.03578321597141613,,,,,,,,1.7031488418579102
1,tau_drift,25.0,,3,12.517298934377928,0.034626385380369884,,,,,,,,3.1132864952087402
1,tau_drift,25.0,,0,14.965339000085157,0.035103830929967904,,,,,,,,1.905858039855957
1,tau_drift,25.0,,1,7.599031974664975,0.03486502256021221,,,,,,,,4.210867643356323
1,tau_drift,25.0,,4,13.562165451139577,0.03405937389015714,,,,,,,,1.680737018585205
1,tau_drift,25.0,,5,15.449382648110111,0.03203247493503678,,,,,,,,6.574706315994263
1,tau_drift,40.0,,0,12.119734327317364,0.0733971857866182,,,,,,,,2.8183999061584473
1,tau_drift,40.0,,1,11.805630585731727,0.07228225412415205,,,,,,,,5.1908204555511475
1,tau_drift,40.0,,4,10.853160983360496,0.07110868819995504,,,,,,,,2.833104372024536
1,tau_drift,40.0,,5,10.495929874848986,0.06904288432930152,,,,,,,,5.203973770141602
1,tau_drift,25.0,,8,6.6583087241555825,0.0328677978234228,,,,,,,,1.589294195175171
1,tau_drift,25.0,,9,14.255922872300665,0.03556573648254327,,,,,,,,6.852867126464844
1,tau_drift,25.0,,6,11.844553746793403,0.03619026480773866,,,,,,,,1.8663222789764404
1,tau_drift,25.0,,7,15.195762176466253,0.03284456909874005,,,,,,,,7.1837217807769775
1,tau_drift,40.0,,2,10.220837337813865,0.0748018033004726,,,,,,,,2.6052870750427246
1,tau_drift,40.0,,3,12.004017183008402,0.07242722097163874,,,,,,,,6.162128686904907
1,edge_prune,15.0,,0,12.21349919844797,0.019995812677043402,,,,,,,,3.4721662998199463
1,edge_prune,15.0,,1,12.52168248523421,0.01989315567554589,,,,,,,,4.916259765625
1,tau_drift,40.0,,8,6.480302366601663,0.06870547012980151,,,,,,,,3.174136161804199
1,tau_drift,40.0,,9,11.712141599542338,0.07297362310977425,,,,,,,,5.825105667114258
1,edge_prune,15.0,,2,12.226301511065149,0.02020387474021144,,,,,,,,5.386338233947754
1,edge_prune,15.0,,3,11.338382394476785,0.01953154974166673,,,,,,,,3.3867380619049072
1,tau_drift,40.0,,6,12.40846383452828,0.07554924905960372,,,,,,,,3.6457574367523193
1,tau_drift,40.0,,7,12.03227596451215,0.07037518809306215,,,,,,,,5.747920036315918
1,edge_prune,15.0,,4,11.094443985216818,0.019227603317513952,,,,,,,,6.366954326629639
1,edge_prune,15.0,,5,13.103459214198695,0.018050867279829245,,,,,,,,2.3924739360809326
1,edge_prune,15.0,,8,11.86460094821055,0.01860074481409511,,,,,,,,5.467576026916504
1,edge_prune,15.0,,9,11.886061323693244,0.020114918091457063,,,,,,,,2.109074354171753
1,edge_prune,25.0,,0,17.74894933141918,0.03383464188802004,,,,,,,,5.401453971862793
1,edge_prune,25.0,,1,16.936714926878302,0.03378944242999434,,,,,,,,2.009503126144409
1,edge_prune,15.0,,6,12.88296048101267,0.020549756373635025,,,,,,,,6.082276105880737
1,edge_prune,15.0,,7,13.745106804754753,0.01849170333510973,,,,,,,,2.278862953186035
1,edge_prune,25.0,,4,17.322051917698527,0.03302520034659158,,,,,,,,4.750852584838867
1,edge_prune,25.0,,5,18.014107486561254,0.03186973396182965,,,,,,,,2.386713743209839
1,edge_prune,25.0,,2,17.93882580296709,0.03431751078038881,,,,,,,,5.617803573608398
1,edge_prune,25.0,,3,17.086406942606903,0.033746242435791884,,,,,,,,2.49660325050354
1,edge_prune,25.0,,6,18.07516463647533,0.03565050262022255,,,,,,,,2.4940950870513916
1,edge_prune,25.0,,7,11.234551239365231,0.03201138410742399,,,,,,,,2.4844932556152344
1,edge_prune,40.0,,4,6.455022414410668,0.06468048017644523,,,,,,,,1.9243478775024414
1,edge_prune,40.0,,5,7.949442200219698,0.06337252893489342,,,,,,,,2.3087143898010254
1,edge_prune,25.0,,8,17.055889545394304,0.03218975334974151,,,,,,,,2.0134875774383545
1,edge_prune,25.0,,9,13.92444393023378,0.0339208848388049,,,,,,,,2.8974761962890625
1,edge_prune,40.0,,0,8.485056098504277,0.06741447240656322,,,,,,,,2.0755393505096436
1,edge_prune,40.0,,1,7.589645846872553,0.06696415596011415,,,,,,,,2.938908100128174
1,edge_prune,40.0,,2,7.922397936301129,0.06876839099806441,,,,,,,,3.0305702686309814
1,edge_prune,40.0,,3,6.6772276249578715,0.06724805223669902,,,,,,,,1.9665932655334473
1,edge_prune,40.0,,8,8.053893855166704,0.061765114286293964,,,,,,,,2.005159616470337
1,edge_prune,40.0,,9,6.8946446036364435,0.06810269013212705,,,,,,,,2.349501848220825
1,edge_prune,40.0,,6,8.116260670395633,0.07172064395977931,,,,,,,,3.0586202144622803
1,edge_prune,40.0,,7,4.030583511280122,0.06370675111655677,,,,,,,,1.5675914287567139
1,noise,15.0,,0,4.008200845840725,0.019989368435768814,,,,,,,,2.807070255279541
1,noise,15.0,,1,3.8194089206017803,0.019849418697158394,,,,,,,,2.5116662979125977
1,noise,15.0,,2,4.971369435061392,0.020094904401895135,,,,,,,,2.759862184524536
1,noise,15.0,,3,4.369749483313956,0.01949013078897414,,,,,,,,2.8833160400390625
1,noise,15.0,,4,4.250487233765686,0.019187563507662098,,,,,,,,2.9507479667663574
1,noise,15.0,,5,4.150016746662957,0.01801056732771954,,,,,,,,2.646679401397705
1,noise,15.0,,8,4.811756979802565,0.018458121249751158,,,,,,,,2.913210868835449
1,noise,15.0,,9,4.138793659140151,0.020041420128169642,,,,,,,,2.6679563522338867
1,noise,25.0,,0,10.223371848956294,0.028827155628274093,,,,,,,,3.0023932456970215
1,noise,25.0,,1,8.574014330087033,0.028696059120421183,,,,,,,,2.7229483127593994
1,noise,15.0,,6,4.602708863103781,0.02064854806343458,,,,,,,,3.347999334335327
1,noise,15.0,,7,4.661813561913261,0.018421103747480478,,,,,,,,2.5491139888763428
1,noise,25.0,,2,10.845990143687578,0.02963424274781562,,,,,,,,3.143951177597046
1,noise,25.0,,3,8.94739817844704,0.028865381220907163,,,,,,,,2.6620328426361084
1,noise,25.0,,6,10.814688514474732,0.0300205187428389,,,,,,,,2.541532516479492
1,noise,25.0,,7,9.36811643269484,0.027080060500327272,,,,,,,,2.0681939125061035
1,noise,25.0,,4,10.215526517358814,0.028209453093859825,,,,,,,,3.086001396179199
1,noise,25.0,,5,10.376648239361886,0.02704048811139998,,,,,,,,1.8749666213989258
1,noise,25.0,,8,10.800715602196878,0.027585082158456002,,,,,,,,2.8309030532836914
1,noise,25.0,,9,10.315980382467059,0.02883808341818409,,,,,,,,1.7241179943084717
1,noise,40.0,,2,6.46554429038507,0.06263273160751862,,,,,,,,2.7033681869506836
1,noise,40.0,,3,7.608504141269927,0.0616152429701719,,,,,,,,1.764265537261963
1,noise,40.0,,0,5.448319659253248,0.061798573392374295,,,,,,,,2.6636197566986084
1,noise,40.0,,1,6.581347316494045,0.062153109949746335,,,,,,,,2.212683916091919
1,noise,40.0,,6,7.1961692306722265,0.06528310374951853,,,,,,,,2.715895175933838
1,noise,40.0,,7,6.2478815536109185,0.05739371816311198,,,,,,,,1.963484287261963
1,noise,40.0,,4,5.908626408291305,0.059885098946162146,,,,,,,,2.873133659362793
1,noise,40.0,,5,6.901743249067985,0.058269962355194514,,,,,,,,2.039647340774536
1,noise,40.0,,8,6.539045179009037,0.057157495846943164,,,,,,,,2.8022077083587646
1,noise,40.0,,9,5.606647397408367,0.061799741292325204,,,,,,,,1.924999475479126
2,none,,fixed,0,,,0.00593173408471479,0.0016222543274919635,0.0016268096771197731,3381.0,25.0,15.378069872481724,15.378069872481724,59.196513175964355
2,none,,fixed,1,,,0.005792986200360928,0.0018333954471089972,0.0021702818654504713,3180.0,25.0,14.520375647005224,14.520375647005224,68.78272008895874
2,tau_drift,,fixed,0,,,0.00593173408471479,0.0015746634355771883,0.0010733007070695656,4286.0,25.0,13.953197656939063,13.953197656939063,62.31857132911682
2,tau_drift,,fixed,1,,,0.005792986200360928,0.0019100435295116695,0.0016022208384149385,3596.0,25.0,12.068137759473828,12.068137759473828,72.43473958969116
2,none,,fixed,8,,,0.005852420141402949,0.0018530376521583448,0.002002898577893459,3182.0,25.0,14.894095432462196,14.894095432462196,67.51380944252014
2,none,,fixed,9,,,0.004799299054870662,0.0013645653537148017,0.0015983412678547686,3181.0,25.0,8.689298666313169,8.689298666313169,69.23199939727783
2,tau_drift,,fixed,4,,,0.005445899156905515,0.0015552283369770679,0.0010397915839940872,4309.0,25.0,8.703545906512415,8.703545906512415,65.80281567573547
2,tau_drift,,fixed,5,,,0.005222628721573589,0.0017143615803915724,0.001283234248293401,4286.0,25.0,14.233802989324412,14.233802989324412,69.70060539245605
2,none,,fixed,6,,,0.006618008174497729,0.0025576732565430354,0.0029165124980705965,3175.0,25.0,16.456459153705215,16.456459153705215,67.3787612915039
2,none,,fixed,7,,,0.006478601677334161,0.0021877738747865076,0.002236247379208751,3496.0,25.0,16.26273389208806,16.26273389208806,71.24499917030334
2,none,,fixed,2,,,0.005271452283185271,0.001976890883965383,0.002174539054256575,3180.0,25.0,16.94259107268941,16.94259107268941,73.59084439277649
2,none,,fixed,3,,,0.005618253814982266,0.0012885038069664824,0.001384557688083509,3571.0,25.0,13.301877873044774,13.301877873044774,66.76695227622986
2,none,,regulated,2,,,0.004870593644535712,0.0025463349712250925,0.0030355614696021753,2029.0,25.73673255873406,16.94259107268941,17.842382265311606,67.44072532653809
2,none,,regulated,3,,,0.005285852134832822,0.002929078168372444,0.004050724380480153,519.0,26.01403800986342,13.301877873044774,13.251219250574158,72.12870669364929
2,tau_drift,,fixed,2,,,0.005271452283185271,0.0014640583646053065,0.001056034649330639,3596.0,25.0,13.177322876924801,13.177322876924801,68.67607545852661
2,tau_drift,,fixed,3,,,0.005618253814982266,0.0013787739722449382,0.0009209259943001542,4285.0,25.0,11.690577024912784,11.690577024912784,69.40894484519958
2,none,,regulated,0,,,0.0068025414311779315,0.0028394648318406887,0.004161319444415308,628.0,26.16167120320115,15.378069872481724,16.797588467667513,68.28222465515137
2,none,,regulated,1,,,0.006590556494520345,0.003962515205608128,0.006039455505811246,472.0,26.175190976721332,14.520375647005224,16.43660798304621,72.28249430656433
2,tau_drift,,fixed,6,,,0.006618008174497729,0.0022097096547217736,0.0010850262194848945,4453.0,25.0,14.449991344187401,14.449991344187401,66.48875093460083
2,tau_drift,,fixed,7,,,0.006478601677334161,0.0016712203582999843,0.0013456312417979746,4141.0,25.0,12.808664813767434,12.808664813767434,76.05123662948608
2,none,,regulated,8,,,0.005979828005259621,0.0024032347102918043,0.0037947264283432337,880.0,25.788255297115946,14.894095432462196,10.479556246861815,71.95403504371643
2,none,,regulated,9,,,0.005312850870568093,0.002927358752650572,0.004374310601193319,510.0,25.965846348588247,8.689298666313169,15.776439065234955,72.73469972610474
2,none,,regulated,4,,,0.00632917936515989,0.002725802392082897,0.0037377315290359862,627.0,26.143276243052895,16.333215055091205,17.460859090560476,71.15829706192017
2,none,,regulated,5,,,0.006790961270146524,0.003325782943168339,0.004614440168337209,612.0,26.109719804389712,15.918027178774619,17.14513318844455,74.51039505004883
2,none,,fixed,4,,,0.005445899156905515,0.0015495486763416196,0.0015729382170843976,3572.0,25.0,16.333215055091205,16.333215055091205,73.45652961730957
2,none,,fixed,5,,,0.005222628721573589,0.0017134316411215632,0.0019300598807128917,3184.0,25.0,15.918027178774619,15.918027178774619,73.04022026062012
2,tau_drift,,fixed,8,,,0.005852420141402949,0.0011890667762879047,0.000950354378552988,4285.0,25.0,10.867186592242854,10.867186592242854,76.32580375671387
2,tau_drift,,fixed,9,,,0.004799299054870662,0.001473980580326583,0.0008613351449003677,4295.0,25.0,12.637708190418943,12.637708190418943,70.6566514968872
2,none,,regulated,6,,,0.006258102330958716,0.0034857325698095633,0.00425436113138586,610.0,25.95128987855511,16.456459153705215,18.203762907481796,70.3035078048706
2,none,,regulated,7,,,0.0069937704629529475,0.0038680034520408384,0.005565080323036089,632.0,26.196434841463425,16.26273389208806,16.672900473587028,78.63683819770813
2,tau_drift,,regulated,0,,,0.0068025414311779315,0.002350524741358211,0.0023931732150725645,3247.0,27.140956637475576,13.953197656939063,16.009709855169856,77.88449454307556
2,tau_drift,,regulated,1,,,0.006590556494520345,0.0026396294580694735,0.0030885181325957193,3187.0,27.04892062517135,12.068137759473828,14.353233531215256,71.18841624259949
2,edge_prune,,fixed,0,,,0.00593173408471479,0.0013521421338823821,0.0011216156841639296,3769.0,25.0,12.883947688983929,12.883947688983929,57.93314242362976
2,edge_prune,,fixed,1,,,0.005792986200360928,0.001874508851358977,0.0010914031101146038,4308.0,25.0,17.97543766587491,17.97543766587491,64.8142192363739
2,tau_drift,,regulated,2,,,0.004870593644535712,0.003262945879224252,0.0031119435752271335,3184.0,27.202796494714086,13.177322876924801,15.425981295843483,75.83602738380432
2,tau_drift,,regulated,3,,,0.005285852134832822,0.002609986746669661,0.0026317633223210367,3229.0,27.148298267902945,11.690577024912784,9.678538669025652,66.99563837051392
2,edge_prune,,fixed,4,,,0.005445899156905515,0.002861163219972559,0.0020503856979232214,4287.0,25.0,17.303248652564356,17.303248652564356,68.96422171592712
2,edge_prune,,fixed,5,,,0.005222628721573589,0.001637279949880631,0.0011772644195751946,4242.0,25.0,15.776386121918353,15.776386121918353,64.95084500312805
2,edge_prune,,regulated,2,,,0.004870593644535712,0.0038237915568093126,0.0034033191012034594,4291.0,26.21226260584709,17.56406873882567,17.676880204096417,66.15777516365051
2,edge_prune,,regulated,3,,,0.005285852134832822,0.0035081859776984383,0.004209194436880858,3170.0,26.2800905266765,17.881433825528884,17.88037295806563,64.99253058433533
2,edge_prune,,regulated,4,,,0.00632917936515989,0.005839335540510731,0.005753637323849763,3573.0,26.440803746792458,17.303248652564356,17.664187584717954,63.311060190200806
2,edge_prune,,regulated,5,,,0.006790961270146524,0.0036705986788102126,0.004089583673684639,2034.0,26.336792324636196,15.776386121918353,18.618605428020423,69.02629709243774
2,edge_prune,,fixed,8,,,0.005852420141402949,0.002910420892740241,0.0020168076651124025,4296.0,25.0,17.732990932757776,17.732990932757776,66.83827114105225
2,edge_prune,,fixed,9,,,0.004799299054870662,0.0016950479961989353,0.0014233416609147386,4306.0,25.0,17.63420641933157,17.63420641933157,71.38512063026428
2,edge_prune,,fixed,2,,,0.005271452283185271,0.002290739799933542,0.0017494643025780983,4244.0,25.0,17.56406873882567,17.56406873882567,75.01310777664185
2,edge_prune,,fixed,3,,,0.005618253814982266,0.0026298609864386373,0.0018916616222148968,3636.0,25.0,17.881433825528884,17.881433825528884,65.19011974334717
2,tau_drift,,regulated,6,,,0.006258102330958716,0.00239883495097727,0.002488903819054321,3431.0,26.493230957596413,14.449991344187401,14.896632585615723,68.62676501274109
2,tau_drift,,regulated,7,,,0.0069937704629529475,0.0029713792382062617,0.0031499723487481064,3180.0,26.964830384281136,12.808664813767434,15.411231279572885,76.44077014923096
2,tau_drift,,regulated,8,,,0.005979828005259621,0.003034745188364161,0.0028161934339813958,3318.0,27.10137460421519,10.867186592242854,15.11595210884734,73.7012574672699
2,tau_drift,,regulated,9,,,0.005312850870568093,0.0024871224231410565,0.0023349155558293404,3329.0,26.839613308734723,12.637708190418943,15.343298503435308,72.11885237693787
2,edge_prune,,fixed,6,,,0.006618008174497729,0.0024196992231688913,0.0014005855528556586,4346.0,25.0,17.015246397545248,17.015246397545248,66.96246814727783
2,edge_prune,,fixed,7,,,0.006478601677334161,0.002162775694519653,0.0014630817312760835,4307.0,25.0,16.938627072790716,16.938627072790716,77.81242418289185
2,edge_prune,,regulated,6,,,0.006258102330958716,0.004155682305081274,0.003369497080519112,3592.0,26.37926339708351,17.015246397545248,19.872501678014636,75.01471447944641
2,edge_prune,,regulated,7,,,0.0069937704629529475,0.004449875829834955,0.00405623209130972,3752.0,26.442041612364388,16.938627072790716,19.160215769660052,63.811023473739624
2,edge_prune,,regulated,8,,,0.005979828005259621,0.004909727353439661,0.0047788847936032055,3180.0,26.247038738304273,17.732990932757776,18.705947430287836,69.05142593383789
2,edge_prune,,regulated,9,,,0.005312850870568093,0.002849304951850642,0.0037427282449955896,3157.0,26.371861341192133,17.63420641933157,18.715176479990337,66.71201539039612
2,tau_drift,,regulated,4,,,0.00632917936515989,0.002697992965629215,0.0029562069879771,3220.0,27.41823743940623,8.703545906512415,16.45180511319732,72.91638016700745
2,tau_drift,,regulated,5,,,0.006790961270146524,0.0017069463163030805,0.002157692310008936,3175.0,26.585061352714614,14.233802989324412,14.662019738288494,77.91528558731079
2,edge_prune,,regulated,0,,,0.0068025414311779315,0.0029640993130283276,0.004500175958851234,2604.0,26.632131183127786,12.883947688983929,15.08996221062533,77.60158371925354
2,edge_prune,,regulated,1,,,0.006590556494520345,0.003550633792997492,0.004002469985722885,2564.0,26.72973315279124,17.97543766587491,18.716186527821062,65.56291556358337
2,noise,,fixed,0,,,0.141807874262074,0.14529631306069565,0.15192104838254145,1.0,25.0,11.323161144076188,10.979177889696354,73.27563810348511
2,noise,,fixed,1,,,0.14477698355705002,0.14304830713488004,0.14793653869262877,0.0,25.0,10.367625019499684,10.348868040996502,66.43373012542725
2,noise,,fixed,2,,,0.1344155756701748,0.13854478118811236,0.14328417259396886,0.0,25.0,11.395182430495653,11.607171677484008,79.45821475982666
2,noise,,fixed,3,,,0.1354877248699234,0.14227753617652744,0.1433615207777803,15.0,25.0,9.144744013391911,9.221428796276282,62.456324338912964
2,noise,,fixed,4,,,0.1450344224963451,0.1499806477342165,0.1523151490392419,0.0,25.0,10.290026578667423,10.56866036484613,47.344850301742554
2,noise,,fixed,5,,,0.12893456293851632,0.13068755205969387,0.13036749072371961,12.0,25.0,10.957265587632321,10.77733858419556,35.812734842300415
2,noise,,fixed,6,,,0.14676250120213924,0.15345062462165787,0.14768333451443197,0.0,25.0,10.87223236736643,11.314001986975471,42.72949767112732
2,noise,,fixed,7,,,0.15387284485919897,0.15761435852658787,0.15942598014043877,2.0,25.0,10.380273488655549,10.482639073591587,36.575127601623535
2,noise,,fixed,8,,,0.1389345564671416,0.14689731253453034,0.1456439229451997,0.0,25.0,11.010161219645063,10.889984202467902,40.28291726112366
2,noise,,fixed,9,,,0.12542404403374377,0.1331589903108308,0.13072815609670255,0.0,25.0,8.003693294175633,8.281967886813426,35.62426710128784
2,noise,,regulated,8,,,0.13137484441330768,0.13872424807972747,0.13387585890884776,0.0,25.788255297115946,11.010161219645063,9.532673205849731,37.18021869659424
2,noise,,regulated,9,,,0.1105061185234379,0.11611714474856816,0.11179979192896412,0.0,25.965846348588247,8.003693294175633,11.653572255416572,36.39920997619629
2,noise,,regulated,0,,,0.13005987180939546,0.1307797726644405,0.13313048465671218,77.0,26.16167120320115,11.323161144076188,12.350836383188618,41.275259494781494
2,noise,,regulated,1,,,0.13215856526576708,0.13119452326568204,0.13640168114144716,0.0,26.175190976721332,10.367625019499684,12.206074041982886,37.42283654212952
2,noise,,regulated,2,,,0.127744087206442,0.13366977678060651,0.13523912473556737,0.0,25.73673255873406,11.395182430495653,12.191888072943508,42.28868103027344
2,noise,,regulated,3,,,0.12959427634690454,0.13719308347148107,0.13729711618071141,0.0,26.01403800986342,9.144744013391911,9.890652783787859,35.92314577102661
2,noise,,regulated,6,,,0.13564789182410036,0.14201625953093538,0.13353670641543985,0.0,25.95128987855511,10.87223236736643,13.159864499365465,39.79894304275513
2,noise,,regulated,7,,,0.1482183173298409,0.15111739650435999,0.15019123012976116,15.0,26.196434841463425,10.380273488655549,11.815241300644118,37.06459999084473
2,noise,,regulated,4,,,0.13427628261754052,0.1348388426993616,0.1354490251806467,4.0,26.143276243052895,10.290026578667423,12.130445016212208,42.1285765171051
2,noise,,regulated,5,,,0.12391270835788074,0.12516866266563548,0.1229357121006264,12.0,26.109719804389712,10.957265587632321,11.872321789320518,36.36731576919556
